code,en,ja
020001,Aomori Prefecture,青森県
072044,Iwaki,いわき市
271063,Nishi-ku,西区
312011,Tottori,鳥取市
372013,Takamatsu,高松市
070009,Fukushima Prefecture,福島県
272183,Daitō-shi,大東市
302015,Wakayama,和歌山市
232114,Toyota,豊田市
122238,Kamogawa,鴨川市
341088,Saeki-ku,佐伯区
341029,Higashi-ku,東区
341045,Nishi-ku,西区
221031,Shimizu-ku,清水区
442046,Hita,日田市
112038,Kawaguchi,川口市
080004,Ibaraki Prefecture,茨城県
422118,Goto,五島市
102016,Maebashi,前橋市
033219,Shiwa,紫波町
122246,Kamagaya,鎌ケ谷市
232076,Toyokawa,豊川市
122106,Mobara,茂原市
050008,Akita Prefecture,秋田県
242144,Inabe,いなべ市
012041,Asahikawa,旭川市
232157,Inuyama,犬山市
182010,Fukui,福井市
016926,Nakashibetsu,中標津町
042111,Iwanuma,岩沼市
062014,Yamagata,山形市
232203,Inazawa,稲沢市
252069,Kusatsu,草津市
112305,Niiza,新座市
142123,Atsugi,厚木市
313025,Iwami-chō,岩美町
152129,Murakami,村上市
472093,Nago,名護市
142131,Yamato,大和市
232106,Kariya,刈谷市
232190,Komaki,小牧市
012131,Tomakomai,苫小牧市
152234,Agano,阿賀野市
122165,Narashino,習志野市
012114,Abashiri,網走市
132187,Fussa,福生市
032026,Miyako,宮古市
162027,Takaoka,高岡市
281018,Higashinada-ku,東灘区
325058,Yoshika,吉賀町
152170,Myōkō,妙高市
132209,Higashiyamato,東大和市
132250,Inagi,稲城市
122327,Shiroi,白井市
192074,Nirasaki,韮崎市
132225,Higashikurume,東久留米市
242012,Tsu,津市
120006,Chiba Prefecture,千葉県
082104,Shimotsuma,下妻市
202207,Azumino,安曇野市
132195,Komae,狛江市
442119,Usa,宇佐市
192015,Kofu,甲府市
230006,Aichi Prefecture,愛知県
292036,Yamatokōriyama,大和郡山市
406091,Aka,赤村
422126,Saikai,西海市
082147,Takahagi,高萩市
062049,Sakata,酒田市
012262,Sunagawa,砂川市
182087,Awara,あわら市
270008,Osaka Prefecture,大阪府
172065,Kaga,加賀市
260002,Kyoto Prefecture,京都府
032051,Hanamaki,花巻市
082015,Mito,水戸市
162019,Toyama,富山市
322016,Matsue,松江市
203840,Iijima,飯島町
141101,Totsuka-ku,戸塚区
014061,Furubira,古平町
042145,Higashimatsushima,東松島市
262129,Kyōtango-shi,京丹後市
092053,Kanuma,鹿沼市
132233,Musashimurayama,武蔵村山市
122271,Urayasu,浦安市
162086,Tonami,砺波市
143847,Yugawara,湯河原町
352012,Shimonoseki,下関市
132144,Kokubunji,国分寺市
232131,Nishio,西尾市
152021,Nagaoka,長岡市
111023,"Kita-ku, Saitama",北区
242071,Suzuka,鈴鹿市
402036,Kurume,久留米市
302066,Tanabe,田辺市
223018,Higashiizu,東伊豆町
293857,Soni,曽爾村
122173,Kashiwa,柏市
112011,Kawagoe,川越市
272159,Neyagawa,寝屋川市
122190,Ichihara,市原市
132063,Fuchū,府中市
452017,Miyazaki,宮崎市
312029,Yonago,米子市
262048,Uji,宇治市
252018,Otsu,大津市
242039,Ise,伊勢市
032093,Ichinoseki,一関市
282081,Aioi,相生市
362018,Tokushima,徳島市
325261,Nishinoshima,西ノ島町
113476,Yoshimi,吉見町
462047,Makurazaki,枕崎市
132012,Hachiōji-shi,八王子市
392031,Aki,安芸市
342149,Akitakata,安芸高田市
422070,Hirado,平戸市
402052,Iizuka,飯塚市
380008,Ehime Prefecture,愛媛県
400009,Fukuoka Prefecture,福岡県
060003,Yamagata Prefecture,山形県
141500,Sagamihara,相模原市
122033,Ichikawa,市川市
412015,Saga,佐賀市
102041,Isesaki,伊勢崎市
352039,Yamaguchi,山口市
131024,Chūō,中央区
122076,Matsudo,松戸市
213624,Sekigahara,関ケ原町
053686,Ōgata-mura,大潟村
292061,Sakurai,桜井市
350001,Yamaguchi Prefecture,山口県
132098,Machida,町田市
132039,Musashino,武蔵野市
280003,Hyōgo Prefecture,兵庫県
132241,Tama,多摩市
132110,Kodaira,小平市
232165,Tokoname,常滑市
202029,Matsumoto,松本市
122084,Noda,野田市
122203,Nagareyama,流山市
472115,Okinawa,沖縄市
016624,Akkeshi,厚岸町
282120,Akō-shi,赤穂市
352110,Nagato,長門市
110001,Saitama Prefecture,埼玉県
244619,Tamaki,玉城町
203041,Kawakami,川上村
472051,Ginowan,宜野湾市
012181,Akabira,赤平市
332135,Akaiwa,赤磐市
392022,Muroto,室戸市
173614,Tsubata,津幡町
173657,Uchinada,内灘町
102113,Annaka,安中市
271080,Taishō-ku,大正区
112313,Okegawa,桶川市
152137,Tsubame,燕市
200000,Nagano Prefecture,長野県
140007,Kanagawa Prefecture,神奈川県
462250,Aira,姶良市
102121,Midori,みどり市
202011,Nagano,長野市
131059,Bunkyō-ku,文京区
292095,Ikoma,生駒市
222101,Fuji,富士市
282014,Himeji,姫路市
082368,Omitama,小美玉市
430005,Kumamoto Prefecture,熊本県
422029,Sasebo,佐世保市
302091,Iwade,岩出市
261084,Ukyō Ward,右京区
392090,Tosashimizu,土佐清水市
406015,Kawara,香春町
263036,Ōyamazaki-chō,大山崎町
232378,Ama,あま市
102091,Fujioka,藤岡市
232343,Kitanagoya,北名古屋市
100005,Gunma Prefecture,群馬県
240001,Mie Prefecture,三重県
122211,Yachiyo,八千代市
232351,Yatomi,弥富市
272078,Takatsuki,高槻市
052043,Ōdate,大館市
132152,Kunitachi,国立市
131211,Adachi,足立区
155861,Awashimaura,粟島浦村
152226,Jōetsu-shi,上越市
220001,Shizuoka Prefecture,静岡県
372021,Marugame,丸亀市
282022,Amagasaki,尼崎市
192104,Kai,甲斐市
093441,Ichikai,市貝町
231029,Higashi-ku,東区
232254,Chiryū-shi,知立市
142085,Zushi,逗子市
432156,Amakusa,天草市
462225,Amami,奄美市
292079,Gojō,五條市
052108,Yurihonjo,由利本荘市
014702,Otoineppu,音威子府村
402117,Chikugo,筑後市
215015,Sakahogi,坂祝町
133086,Okutama,奥多摩町
243434,Asahi,朝日町
012301,Noboribetsu,登別市
122289,Yotsukaidō-shi,四街道市
131016,Chiyoda,千代田区
131199,Itabashi,板橋区
132217,Kiyose,清瀬市
032115,Kamaishi,釜石市
131181,Arakawa,荒川区
131237,Edogawa,江戸川区
131083,Kōtō,江東区
352080,Iwakuni,岩国市
362026,Naruto,鳴門市
022098,Tsugaru,つがる市
282260,Awaji,淡路市
132080,Chōfu,調布市
132071,Akishima,昭島市
082287,Bando,坂東市
402079,Yanagawa,柳川市
131156,Suginami,杉並区
131229,Katsushika,葛飾区
232050,Handa,半田市
082228,Kashima,鹿嶋市
332020,Kurashiki,倉敷市
422045,Isahaya,諫早市
320005,Shimane Prefecture,島根県
210005,Gifu Prefecture,岐阜県
352021,Ube,宇部市
042137,Kurihara,栗原市
252107,Yasu,野洲市
142115,Hadano,秦野市
092029,Ashikaga,足利市
362051,Yoshinogawa,吉野川市
063673,Tozawa,戸沢村
203491,Aoki,青木村
340006,Hiroshima Prefecture,広島県
322024,Hamada,浜田市
102024,Takasaki,高崎市
122068,Kisarazu,木更津市
450006,Miyazaki Prefecture,宮崎県
212032,Takayama,高山市
250007,Shiga Prefecture,滋賀県
242161,Iga,伊賀市
242047,Matsusaka,松阪市
272124,Yao,八尾市
272141,Tondabayashi,富田林市
242152,Shima,志摩市
465232,Yamato,大和村
170003,Ishikawa Prefecture,石川県
213837,Anpachi,安八町
044041,Shichigahama,七ヶ浜町
190004,Yamanashi Prefecture,山梨県
272035,Toyonaka,豊中市
202177,Saku,佐久市
232246,Chita,知多市
222071,Fujinomiya,富士宮市
432041,Arao,荒尾市
184420,Mihama,美浜町
294420,Ōyodo-chō,大淀町
160008,Toyama Prefecture,富山県
330001,Okayama Prefecture,岡山県
222097,Shimada,島田市
282171,Kawanishi,川西市
082261,Naka,那珂市
142077,Chigasaki,茅ヶ崎市
232220,Tōkai-shi,東海市
131113,Ota,大田区
133078,Hinohara,檜原村
204021,Matsukawa,松川町
112143,Kasukabe,春日部市
402273,Kama,嘉麻市
112356,Fujimi,富士見市
362042,Anan,阿南市
271195,Abeno-ku,阿倍野区
271187,Jōtō-ku,城東区
152064,Shibata,新発田市
131067,Taitō-ku,台東区
131148,Nakano,中野区
131172,Kita,北区
290009,Nara Prefecture,奈良県
300004,Wakayama Prefecture,和歌山県
293440,Ikaruga,斑鳩町
322059,Ōda-shi,大田市
282057,Sumoto,洲本市
143642,Yamakita,山北町
232092,Hekinan,碧南市
131202,Nerima,練馬区
131091,Shinagawa,品川区
131105,Meguro,目黒区
092061,Nikkō-shi,日光市
131121,Setagaya,世田谷区
342025,Kure,呉市
204226,Agematsu,上松町
103837,Nanmoku,南牧村
102032,Kiryū,桐生市
382027,Imabari,今治市
082023,Hitachi,日立市
390003,Kōchi Prefecture,高知県
282073,Itami,伊丹市
232017,Toyohashi,豊橋市
063240,Ōe-machi,大江町
352047,Hagi,萩市
271021,Miyakojima Ward,都島区
271233,Yodogawa-ku,淀川区
271098,Tennōji-ku,天王寺区
152056,Kashiwazaki,柏崎市
440001,Ōita Prefecture,大分県
272230,Kadoma,門真市
292052,Kashihara,橿原市
092088,Oyama,小山市
452092,Ebino,えびの市
074659,Nakajima,中島村
472123,Tomigusuku,豊見城市
402141,Buzen,豊前市
382159,Tōon-shi,東温市
150002,Niigata Prefecture,新潟県
042030,Shiogama,塩竈市
111007,Saitama,さいたま市
022071,Misawa,三沢市
022047,Kuroishi,黒石市
312045,Sakaiminato,境港市
404021,Kurate,鞍手町
052078,Yuzawa,湯沢市
423831,Ojika,小値賀町
180009,Fukui Prefecture,福井県
132128,Hino,日野市
131164,Toshima,豊島区
271144,Higashiyodogawa-ku,東淀川区
271161,Ikuno-ku,生野区
271241,Tsurumi-ku,鶴見区
235636,Toyone,豊根村
111031,Ōmiya-ku,大宮区
213411,Yōrō-chō,養老町
310000,Tottori Prefecture,鳥取県
112224,Koshigaya,越谷市
052094,Kazuno,鹿角市
212024,Ōgaki-shi,大垣市
032034,Ōfunato,大船渡市
360007,Tokushima Prefecture,徳島県
131075,Sumida,墨田区
042056,Kesennuma,気仙沼市
072028,Aizuwakamatsu,会津若松市
184837,Ōi-chō,おおい町
143413,Ōiso-machi,大磯町
132284,Akiruno,あきる野市
132136,Higashimurayama,東村山市
431010,Chūō-ku,中央区
074071,Bandai,磐梯町
122254,Kimitsu,君津市
132047,Mitaka,三鷹市
370002,Kagawa Prefecture,香川県
325015,Tsuwano,津和野町
215210,Mitake,御嵩町
112194,Ageo,上尾市
142166,Zama,座間市
473545,Zamami,座間味村
012033,Otaru,小樽市
252042,Ōmihachiman-shi,近江八幡市
262064,Kameoka,亀岡市
272264,Fujiidera,藤井寺市
132055,Ōme,青梅市
075451,Okuma,大熊町
202126,Ōmachi-shi,大町市
242055,Kuwana,桑名市
052035,Yokote,横手市
252131,Higashiōmi-shi,東近江市
412091,Ureshino,嬉野市
094072,Nasu,那須町
232238,Ōbu-shi,大府市
052060,Oga,男鹿市
382060,Saijo,西条市
012092,Yubari,夕張市
122157,Asahi,旭市
132292,Nishitōkyō-shi,西東京市
105244,Ōizumi-machi,大泉町
402125,Ōkawa-shi,大川市
405221,Ōki-machi,大木町
232041,Seto,瀬戸市
042072,Natori,名取市
072125,Minamisōma-shi,南相馬市
402192,Ōnojō-shi,大野城市
062103,Tendō-shi,天童市
122301,Yachimata,八街市
452025,Miyakonojō,都城市
012050,Muroran,室蘭市
012173,Ebetsu,江別市
122319,Inzai,印西市
122131,Tōgane-shi,東金市
022012,Aomori,青森市
182052,Ōno-shi,大野市
212130,Kakamigahara,各務原市
022080,Mutsu,むつ市
082171,Toride,取手市
141305,Kawasaki,川崎市
122122,Sakura,佐倉市
122262,Futtsu,富津市
042153,Ōsaki-shi,大崎市
032158,Ōshū-shi,奥州市
282049,Nishinomiya,西宮市
222038,Numazu,沼津市
242080,Nabari,名張市
022055,Goshogawara,五所川原市
012238,Nemuro,根室市
352063,Hōfu-shi,防府市
272311,Osakasayama,大阪狭山市
012084,Kitami,北見市
142069,Odawara,小田原市
382051,Niihama,新居浜市
142034,Hiratsuka,平塚市
192139,Koshu,甲州市
092100,Ōtawara-shi,大田原市
034614,Otsuchi,大槌町
072010,Fukushima,福島市
122220,Abiko,我孫子市
272272,Higashiōsaka-shi,東大阪市
114421,Miyashiro,宮代町
410004,Saga Prefecture,佐賀県
072087,Kitakata,喜多方市
092134,Nasushiobara,那須塩原市
112275,Asaka,朝霞市
465321,Isen,伊仙町
075221,Ono,小野町
465241,Uken,宇検村
142051,Fujisawa,藤沢市
312037,Kurayoshi,倉吉市
432059,Minamata,水俣市
102059,Ōta-shi,太田市
392103,Shimanto,四万十市
232025,Okazaki,岡崎市
132101,Koganei,小金井市
422053,Ōmura-shi,大村市
324493,Ōnan,邑南町
402028,Ōmuta-shi,大牟田市
112089,Tokorozawa,所沢市
122050,Tateyama,館山市
032085,Tōno-shi,遠野市
093432,Motegi,茂木町
014044,Kamoenai,神恵内村
382078,Ōzu-shi,大洲市
364894,Higashimiyoshi,東みよし町
364681,Tsurugi,つるぎ町
364011,Matsushige,松茂町
221007,Shizuoka,静岡市
113492,Tokigawa,ときがわ町
262102,Yawata,八幡市
072036,Kōriyama,郡山市
233021,Tōgō-chō,東郷町
342114,Ōtake-shi,大竹市
272116,Ibaraki,茨木市
232319,Tahara,田原市
292044,Tenri,天理市
053490,Happō-chō,八峰町
363880,Kaiyō-chō,海陽町
363022,Kamikatsu,上勝町
162108,Nanto,南砺市
022063,Towada,十和田市
232335,Kiyosu,清須市
032107,Rikuzentakata,陸前高田市
272248,Settsu,摂津市
352152,Shūnan-shi,周南市
035246,Ichinohe,一戸町
465330,Wadomari,和泊町
402311,Nakagawa,那珂川市
232327,Aisai,愛西市
122297,Sodegaura,袖ケ浦市
242101,Kameyama,亀山市
092096,Mooka,真岡市
152242,Sado,佐渡市
403458,Shingū-machi,新宮町
131041,Shinjuku,新宿区
014036,Tomari,泊村
132021,Tachikawa,立川市
454303,Shiiba,椎葉村
454061,Tsuno,都農町
373419,Miki,三木町
121002,Chiba,千葉市
406082,Ōtō-machi,大任町
192066,Ōtsuki-shi,大月市
012149,Wakkanai,稚内市
012076,Obihiro,帯広市
013374,Nanae,七飯町
015717,Toyoura,豊浦町
013331,Shiriuchi,知内町
292010,Nara,奈良市
420000,Nagasaki Prefecture,長崎県
364029,Kitajima,北島町
413461,Miyaki,みやき町
193682,Fujikawa,富士川町
033031,Iwate,岩手町
414239,Omachi,大町町
394246,Otsuki,大月町
454311,Misato,美郷町
363839,Mugi,牟岐町
345458,Jinsekikogen,神石高原町
082201,Tsukuba,つくば市
013994,Kyogoku,京極町
013978,Rusutsu,留寿都村
014052,Shakotan,積丹町
162051,Himi,氷見市
113247,Miyoshi,三芳町
016098,Erimo,えりも町
401005,Kitakyūshū,北九州市
024457,Nanbu,南部町
023019,Hiranai,平内町
393444,Ōtoyo-chō,大豊町
172031,Komatsu,小松市
272108,Hirakata,枚方市
472018,Naha,那覇市
053465,Fujisato,藤里町
406058,Kawasaki,川崎町
232122,Anjō,安城市
232033,Ichinomiya,一宮市
393649,Ōkawa-mura,大川村
393860,Ino,いの町
406465,Kōge-machi,上毛町
013340,Kikonai,木古内町
013455,Mori,森町
013471,Oshamambe,長万部町
132276,Hamura,羽村市
222054,Atami,熱海市
092045,Sano,佐野市
112071,Chichibu,秩父市
011045,Shiroishi-ku,白石区
465356,Yoron,与論町
473626,Yaese,八重瀬町
401315,Higashi-ku,東区
013641,Otobe,乙部町
015814,Atsuma,厚真町
052116,Katagami,潟上市
024058,Rokunohe,六戸町
404012,Kotake,小竹町
465291,Kikai,喜界町
273210,Toyono,豊能町
015857,Abira,安平町
013625,Kaminokuni,上ノ国町
124435,Onjuku,御宿町
093866,Takanezawa,高根沢町
473260,Chatan,北谷町
075485,Katsurao,葛尾村
454290,Morotsuka,諸塚村
151009,Niigata,新潟市
152111,Mitsuke,見附市
434248,Oguni,小国町
142174,Minamiashigara,南足柄市
202185,Chikuma,千曲市
054631,Ugo,羽後町
394271,Mihara,三原村
434434,Mashiki,益城町
473618,Kumejima,久米島町
122041,Funabashi,船橋市
271403,Sakai,堺市
252026,Hikone,彦根市
222119,Iwata,磐田市
372048,Zentsūji-shi,善通寺市
013463,Yakumo,八雲町
013633,Assabu,厚沢部町
013323,Fukushima,福島町
403482,Hisayama,久山町
403831,Okagaki,岡垣町
403423,Sasaguri,篠栗町
192023,Fujiyoshida,富士吉田市
232289,Iwakura,岩倉市
404489,Tōhō-mura,東峰村
394050,Yusuhara,檮原町
473502,Haebaru,南風原町
131032,Minato,港区
022039,Hachinohe,八戸市
221309,Hamamatsu,浜松市
442020,Beppu,別府市
172014,Kanazawa,金沢市
262137,Nantan,南丹市
016021,Biratori,平取町
013919,Shimamaki,島牧村
342122,Higashihiroshima,東広島市
452033,Nobeoka,延岡市
403491,Kasuya,粕屋町
464902,Kinko,錦江町
404217,Keisen,桂川町
406252,Miyako,みやこ町
406210,Kanda,苅田町
403431,Shime,志免町
052132,Kitaakita,北秋田市
363219,Sanagōchi-son,佐那河内村
364037,Aizumi,藍住町
393878,Niyodogawa,仁淀川町
413411,Kiyama,基山町
464821,Higashikushira,東串良町
453617,Takaharu,高原町
131130,Shibuya,渋谷区
042021,Ishinomaki,石巻市
032018,Morioka,盛岡市
413275,Yoshinogari,吉野ヶ里町
413879,Genkai,玄海町
414247,Kōhoku-machi,江北町
272205,Minoh,箕面市
042099,Tagajō,多賀城市
015636,Ōmu-chō,雄武町
454427,Hinokage,日之影町
454036,Nishimera,西米良村
303437,Kudoyama,九度山町
133825,Mikurajima,御蔵島村
015431,Bihoro,美幌町
022021,Hirosaki,弘前市
082031,Tsuchiura,土浦市
222062,Mishima,三島市
014231,Nanporo,南幌町
014567,Aibetsu,愛別町
014249,Naie,奈井江町
272051,Suita,吹田市
393070,Geisei,芸西村
393061,Umaji,馬路村
384429,Ikata,伊方町
192147,Chūō-shi,中央市
102067,Numata,沼田市
014010,Kyowa,共和町
014079,Niki,仁木町
016012,Hidaka,日高町
012068,Kushiro,釧路市
122114,Narita,成田市
064025,Shirataka,白鷹町
113263,Moroyama,毛呂山町
134015,Hachijō-machi,八丈町
431001,Kumamoto,熊本市
382019,Matsuyama,松山市
302040,Arida,有田市
112291,Wakō-shi,和光市
163236,Tateyama,立山町
015750,Sobetsu,壮瞥町
143821,Hakone,箱根町
012297,Furano,富良野市
392081,Sukumo,宿毛市
014028,Iwanai,岩内町
013960,Makkari,真狩村
014095,Akaigawa,赤井川村
454010,Takanabe,高鍋町
405442,Hirokawa,広川町
454028,Shintomi,新富町
105252,Ōra-machi,邑楽町
016918,Betsukai,別海町
013048,Shinshinotsu,新篠津村
013935,Kuromatsunai,黒松内町
013986,Kimobetsu,喜茂別町
222194,Shimoda,下田市
323861,Iinan,飯南町
342076,Fukuyama,福山市
075418,Hirono,広野町
304271,Kitayama,北山村
143421,Ninomiya,二宮町
075426,Naraha,楢葉町
235628,Tōei-chō,東栄町
234427,Higashiura,東浦町
085421,Goka,五霞町
014613,Nakafurano,中富良野町
112232,Warabi,蕨市
075647,Iitate,飯舘村
433489,Misato,美里町
172111,Nomi,能美市
292117,Katsuragi,葛城市
414018,Arita,有田町
074080,Inawashiro,猪苗代町
473588,Kitadaito,北大東村
271276,Kita-ku,北区
231061,Naka-ku,中区
353213,Waki,和木町
075442,Kawauchi,川内村
231011,Chikusa-ku,千種区
231088,Mizuho-ku,瑞穂区
254428,Kōra-chō,甲良町
205630,Nozawaonsen,野沢温泉村
034410,Sumita,住田町
434418,Mifune,御船町
406040,Itoda,糸田町
465275,Tatsugō-chō,龍郷町
332127,Setouchi,瀬戸内市
012190,Monbetsu,紋別市
342033,Takehara,竹原市
402168,Ogori,小郡市
423076,Nagayo,長与町
034835,Iwaizumi,岩泉町
331007,Okayama,岡山市
014834,Tomamae,苫前町
015199,Rishirifuji,利尻富士町
013943,Rankoshi,蘭越町
303046,Kimino,紀美野町
172120,Nonoichi,野々市市
093611,Mibu,壬生町
412074,Kashima,鹿島市
142018,Yokosuka,横須賀市
016080,Samani,様似町
016942,Rausu,羅臼町
414417,Tara,太良町
414255,Shiroishi-chō,白石町
284432,Fukusaki,福崎町
231037,Kita-ku,北区
231045,Nishi-ku,西区
231118,Minato-ku,港区
253839,Hino,日野町
464911,Minamiōsumi-chō,南大隅町
016641,Shibecha,標茶町
015644,Ozora,大空町
092011,Utsunomiya,宇都宮市
382043,Yawatahama,八幡浜市
014591,Biei,美瑛町
016071,Urakawa,浦河町
014281,Naganuma,長沼町
442011,Ōita-shi,大分市
014656,Kenbuchi,剣淵町
016390,Sarabetsu,更別村
016454,Toyokoro,豊頃町
454435,Gokase,五ヶ瀬町
424111,Shinkamigoto,新上五島町
473294,Nishihara,西原町
122335,Tomisato,富里市
032077,Kuji,久慈市
032069,Kitakami,北上市
392014,Kōchi-shi,高知市
142042,Kamakura,鎌倉市
342084,Fuchū-shi,府中市
281107,Chūō-ku,中央区
016411,Taiki,大樹町
015474,Koshimizu,小清水町
016446,Ikeda,池田町
016349,Shikaoi,鹿追町
012246,Chitose,千歳市
015130,Nakatonbetsu,中頓別町
374032,Kotohira,琴平町
015172,Rebun,礼文町
014559,Pippu,比布町
014311,Urausu,浦臼町
016420,Hiroo,広尾町
014699,Bifuka,美深町
016381,Nakasatsunai,中札内村
015121,Hamatonbetsu,浜頓別町
016331,Kamishihoro,上士幌町
016357,Shintoku,新得町
014851,Shosanbetsu,初山別村
015181,Rishiri,利尻町
014877,Teshio,天塩町
016322,Shihoro,士幌町
016373,Memuro,芽室町
113654,Ogano,小鹿野町
112461,Shiraoka,白岡市
114642,Sugito,杉戸町
012335,Date,伊達市
012351,Ishikari,石狩市
016438,Makubetsu,幕別町
016462,Hombetsu,本別町
016365,Shimizu,清水町
231002,Nagoya,名古屋市
014541,Toma,当麻町
014346,Chippubetsu,秩父別町
014371,Hokuryu,北竜町
015148,Esashi,枝幸町
016314,Otofuke,音更町
016101,Shinhidaka,新ひだか町
015440,Tsubetsu,津別町
014842,Haboro,羽幌町
122025,Chōshi,銚子市
172103,Hakusan,白山市
015164,Toyotomi,豊富町
015113,Sarufutsu,猿払村
014711,Nakagawa,中川町
232211,Shinshiro,新城市
052124,Daisen,大仙市
092118,Yaita,矢板市
113425,Ranzan,嵐山町
273660,Misaki,岬町
130001,Tokyo,東京都
022101,Hirakawa,平川市
282090,Toyooka,豊岡市
342050,Onomichi,尾道市
082210,Hitachinaka,ひたちなか市
232149,Gamagōri-shi,蒲郡市
014320,Shintotsukawa,新十津川町
014583,Higashikawa,東川町
014605,Kamifurano,上富良野町
462080,Izumi,出水市
082279,Chikusei,筑西市
262030,Ayabe,綾部市
232262,Owariasahi,尾張旭市
014729,Horokanai,幌加内町
231096,Atsuta-ku,熱田区
012106,Iwamizawa,岩見沢市
272094,Moriguchi,守口市
014630,Shimukappu,占冠村
014290,Kuriyama,栗山町
014389,Numata,沼田町
303411,Katsuragi,かつらぎ町
093017,Kaminokawa,上三川町
264636,Ine,伊根町
014362,Uryu,雨竜町
014532,Higashikagura,東神楽町
014303,Tsukigata,月形町
113611,Yokoze,横瀬町
113859,Kamisato,上里町
113638,Nagatoro,長瀞町
143014,Hayama,葉山町
123498,Tōnoshō-machi,東庄町
113620,Minano,皆野町
303925,Hidakagawa,日高川町
232301,Nisshin,日進市
222127,Yaizu,焼津市
222224,Izu,伊豆市
472085,Urasoe,浦添市
172022,Nanao,七尾市
072109,Nihonmatsu,二本松市
043419,Marumori,丸森町
325252,Ama,海士町
304280,Kushimoto,串本町
144029,Kiyokawa,清川村
143618,Nakai,中井町
272191,Izumi,和泉市
122181,Katsuura,勝浦市
204234,Nagiso,南木曽町
261025,Kamigyō-ku,上京区
261033,Sakyō-ku,左京区
292109,Kashiba,香芝市
401323,Hakata-ku,博多区
014869,Embetsu,遠別町
143219,Samukawa,寒川町
272221,Habikino,羽曳野市
472131,Uruma,うるま市
293423,Heguri,平群町
254258,Aishō-chō,愛荘町
083640,Daigo,大子町
303666,Aridagawa,有田川町
235016,Kota,幸田町
303917,Minabe,みなべ町
184233,Echizen,越前町
183229,Eiheiji,永平寺町
053031,Kosaka,小坂町
112259,Iruma,入間市
014257,Kamisunagawa,上砂川町
014621,Minamifurano,南富良野町
014648,Wassamu,和寒町
104493,Minakami,みなかみ町
213616,Tarui,垂井町
303828,Hidaka,日高町
124419,Ōtaki-machi,大多喜町
294250,Ōji-chō,王寺町
133647,Kozushima,神津島村
014273,Yuni,由仁町
016047,Niikappu,新冠町
013927,Suttsu,寿都町
462012,Kagoshima,鹿児島市
012025,Hakodate,函館市
401307,Fukuoka,福岡市
304212,Nachikatsuura,那智勝浦町
254436,Taga,多賀町
113832,Kamikawa,神川町
462195,Ichikikushikino,いちき串木野市
462063,Akune,阿久根市
032131,Ninohe,二戸市
092142,Sakura,さくら市
042129,Tome,登米市
042081,Kakuda,角田市
072095,Sōma-shi,相馬市
432148,Aso,阿蘇市
462152,Satsumasendai,薩摩川内市
374041,Tadotsu,多度津町
113697,Higashichichibu,東秩父村
463043,Toshima,十島村
473821,Yonaguni,与那国町
463035,Mishima,三島村
222089,Ito,伊東市
012165,Ashibetsu,芦別市
282031,Akashi,明石市
242021,Yokkaichi,四日市市
223441,Oyama,小山町
222241,Kikugawa,菊川市
294268,Kōryō-chō,広陵町
203505,Nagawa,長和町
304247,Kozagawa,古座川町
462161,Hioki,日置市
462241,Isa,伊佐市
462209,Minamisatsuma,南さつま市
052019,Akita,秋田市
243442,Kawagoe,川越町
233421,Toyoyama,豊山町
224618,Mori,森町
303615,Yuasa,湯浅町
104442,Kawaba,川場村
303623,Hirogawa,広川町
232068,Kasugai,春日井市
460001,Kagoshima Prefecture,鹿児島県
402214,Dazaifu,太宰府市
463922,Satsuma,さつま町
035033,Noda,野田村
151068,Minami-ku,南区
151025,Higashi-ku,東区
151076,Nishi-ku,西区
151050,Akiha-ku,秋葉区
151017,Kita-ku,北区
194425,Kosuge,小菅村
103829,Shimonita,下仁田町
304042,Kamitonda,上富田町
203246,Tateshina,立科町
462233,Minamikyushu,南九州市
462101,Ibusuki,指宿市
282154,Miki,三木市
261009,Kyoto,京都市
012319,Eniwa,恵庭市
162094,Oyabe,小矢部市
271004,Osaka,大阪市
341002,Hiroshima,広島市
432024,Yatsushiro,八代市
151041,Kōnan-ku,江南区
151084,Nishikan-ku,西蒲区
151033,Chūō-ku,中央区
303445,Kōya-chō,高野町
103667,Ueno,上野村
093424,Mashiko,益子町
302082,Kinokawa,紀の川市
473812,Taketomi,竹富町
062022,Yonezawa,米沢市
142158,Ebina,海老名市
282065,Ashiya,芦屋市
403814,Ashiya,芦屋町
034843,Tanohata,田野畑村
272027,Kishiwada,岸和田市
012122,Rumoi,留萌市
472140,Miyakojima,宮古島市
402281,Asakura,朝倉市
203858,Minamiminowa,南箕輪村
064017,Oguni,小国町
063665,Sakegawa,鮭川村
304069,Susami,すさみ町
215058,Yaotsu,八百津町
114651,Matsubushi,松伏町
155047,Kariwa,刈羽村
063631,Funagata,舟形町
343048,Kaita,海田町
063029,Nakayama,中山町
204099,Hiraya,平谷村
235610,Shitara,設楽町
142140,Isehara,伊勢原市
112186,Fukaya,深谷市
112020,Kumagaya,熊谷市
023213,Ajigasawa,鰺ヶ沢町
023817,Itayanagi,板柳町
203831,Minowa,箕輪町
113417,Namegawa,滑川町
273627,Tajiri,田尻町
282251,Asago,朝来市
204510,Asahi,朝日村
262021,Maizuru,舞鶴市
273414,Tadaoka,忠岡町
273015,Shimamoto,島本町
273813,Taishi,太子町
015784,Shiraoi,白老町
015555,Engaru,遠軽町
112216,Sōka-shi,草加市
273619,Kumatori,熊取町
173240,Kawakita,川北町
011002,Sapporo,札幌市
422011,Nagasaki,長崎市
073083,Kawamata,川俣町
063231,Asahi,朝日町
063410,Ōishida-machi,大石田町
063657,Okura,大蔵村
064033,Iide,飯豊町
062031,Tsuruoka,鶴岡市
222143,Fujieda,藤枝市
204480,Ikusaka,生坂村
184047,Minami-Echizen,南越前町
204323,Kiso,木曽町
183822,Ikeda,池田町
023434,Nishimeya,西目屋村
023230,Fukaura,深浦町
023078,Sotogahama,外ヶ浜町
072117,Tamura,田村市
342131,Hatsukaichi,廿日市市
412023,Karatsu,唐津市
212016,Gifu,岐阜市
041009,Sendai,仙台市
112321,Kuki,久喜市
040002,Miyagi Prefecture,宮城県
192040,Tsuru,都留市
043222,Murata,村田町
063614,Kaneyama,金山町
064262,Mikawa,三川町
043010,Zaō-machi,蔵王町
063622,Mogami,最上町
075213,Miharu,三春町
072052,Shirakawa,白河市
392065,Susaki,須崎市
030007,Iwate Prefecture,岩手県
341011,Naka-ku,中区
222151,Gotemba,御殿場市
393410,Motoyama,本山町
352136,Mine,美祢市
282103,Kakogawa,加古川市
112178,Kōnosu-shi,鴻巣市
012203,Shibetsu,士別市
124222,Mutsuzawa,睦沢町
014575,Kamikawa,上川町
015598,Yūbetsu-chō,湧別町
015628,Nishiokoppe,西興部村
064289,Shōnai-machi,庄内町
272299,Shijōnawate-shi,四條畷市
014818,Mashike,増毛町
294021,Asuka,明日香村
322041,Masuda,益田市
064611,Yuza,遊佐町
035076,Hirono,洋野町
203823,Tatsuno,辰野町
023876,Nakadomari,中泊町
023621,Ōwani-machi,大鰐町
023043,Yomogita,蓬田村
205214,Sakaki,坂城町
205885,Ogawa,小川村
205419,Obuse,小布施町
032140,Hachimantai,八幡平市
074616,Nishigō-mura,西郷村
063649,Mamurogawa,真室川町
355020,Abu,阿武町
062073,Kaminoyama,上山市
205907,Iizuna,飯綱町
402184,Kasuga,春日市
141003,Yokohama,横浜市
033014,Shizukuishi,雫石町
013030,Tobetsu,当別町
014826,Obira,小平町
024422,Gonohe,五戸町
024112,Rokkasho,六ヶ所村
024015,Noheji,野辺地町
162078,Kurobe,黒部市
203068,Minamiaiki,南相木村
185019,Wakasa,若狭町
205834,Shinano,信濃町
204463,Omi,麻績村
184811,Takahama,高浜町
470007,Okinawa Prefecture,沖縄県
182044,Obama,小浜市
204161,Toyooka,豊丘村
024503,Shingo,新郷村
090000,Tochigi Prefecture,栃木県
194247,Oshino,忍野村
023612,Fujisaki,藤崎町
083097,Ōarai-machi,大洗町
174611,Anamizu,穴水町
054348,Misato,美郷町
272175,Matsubara,松原市
046060,Minamisanriku,南三陸町
231053,Nakamura-ku,中村区
094111,Nakagawa,那珂川町
092037,Tochigi,栃木市
402231,Koga,古賀市
453412,Mimata,三股町
014524,Takasu,鷹栖町
015601,Takinoue,滝上町
024261,Sai,佐井村
271071,Minato-ku,港区
015491,Kunneppu,訓子府町
015458,Shari,斜里町
015466,Kiyosato,清里町
212164,Mizuho,瑞穂市
123226,Shisui,酒々井町
212156,Yamagata,山県市
013439,Shikabe,鹿部町
341037,Minami-ku,南区
341053,Asaminami-ku,安佐南区
341070,Aki-ku,安芸区
341061,Asakita-ku,安佐北区
281000,Kobe,神戸市
024414,Sannohe,三戸町
023841,Tsuruta,鶴田町
014681,Shimokawa,下川町
015504,Oketo,置戸町
015521,Saroma,佐呂間町
413453,Kamimine,上峰町
013315,Matsumae,松前町
063215,Kahoku,河北町
063011,Yamanobe,山辺町
015610,Okoppe,興部町
013617,Esashi,江差町
014087,Yoichi,余市町
104264,Kusatsu,草津町
141097,Kōhoku-ku,港北区
044016,Matsushima,松島町
373249,Shōdoshima-chō,小豆島町
205435,Takayama,高山村
232297,Toyoake,豊明市
272043,Ikeda,池田市
152081,Ojiya,小千谷市
232271,Takahama,高浜市
023671,Inakadate,田舎館村
023035,Imabetsu,今別町
024236,Ōma-machi,大間町
464520,Yūsui-chō,湧水町
464040,Nagashima,長島町
364045,Itano,板野町
232084,Tsushima,津島市
012289,Fukagawa,深川市
012343,Kitahiroshima,北広島市
423220,Kawatana,川棚町
362069,Awa,阿波市
373648,Naoshima,直島町
364053,Kamiita,上板町
403822,Mizumaki,水巻町
384844,Matsuno,松野町
142182,Ayase,綾瀬市
262111,Kyōtanabe-shi,京田辺市
063223,Nishikawa,西川町
204501,Yamagata,山形村
024465,Hashikami,階上町
052027,Noshiro,能代市
473537,Tokashiki,渡嘉敷村
473022,Ōgimi-son,大宜味村
473570,Minamidaitō-son,南大東村
017001,Shibetoro,蘂取村
224839,Ryūyō,竜洋町
433861,Tasoko,田底村
016993,Shana,紗那村
016951,Shikotan,色丹村
016969,Tomari,泊村
221392,Hamana-ku,浜名区
221384,Chūō Ward,中央区
473243,,読谷村文化センター
152048,Sanjō-shi,三条市
262072,Jōyō-shi,城陽市
024121,Oirase,おいらせ町
034851,Fudai,普代村
063827,Kawanishi,川西町
172049,Wajima,輪島市
112127,Higashimatsuyama,東松山市
212091,Hashima,羽島市
402206,Munakata,宗像市
394017,Nakatosa,中土佐町
374067,Mannō-chō,まんのう町
393053,Kitagawa,北川村
174637,Noto,能登町
173843,Shika,志賀町
174076,Nakanoto,中能登町
162043,Uozu,魚津市
423238,Hasami,波佐見町
394289,Kuroshio,黒潮町
024023,Shichinohe,七戸町
024252,Kazamaura,風間浦村
384020,Tobe,砥部町
465313,Amagi,天城町
465054,Yakushima,屋久島町
063819,Takahata,高畠町
082309,Kasumigaura,かすみがうら市
024244,Higashidōri-mura,東通村
024431,Takko,田子町
262013,Fukuchiyama,福知山市
016985,Rubetsu,留別村
473146,Kin,金武町
454044,Kijō-chō,木城町
453838,Aya,綾町
473014,Kunigami,国頭村
423912,Saza,佐々町
204251,Kiso,木祖村
103055,Miyagi,宮城村
273821,Kanan,河南町
212202,Gero,下呂市
082058,Ishioka,石岡市
072079,Sukagawa,須賀川市
162060,Namerikawa,滑川市
432130,Uki,宇城市
113271,Ogose,越生町
074055,Nishiaizu,西会津町
382141,Seiyo,西予市
242110,Toba,鳥羽市
242128,Kumano,熊野市
352128,Yanai,柳井市
363421,Kamiyama,神山町
454419,Takachiho,高千穂町
384011,Masaki,松前町
272167,Kawachinagano,河内長野市
462039,Kanoya,鹿屋市
212041,Tajimi,多治見市
302074,Shingu,新宮市
112241,Toda,戸田市
473278,Kitanakagusuku,北中城村
363871,Minami,美波町
473481,Yonabaru,与那原町
062111,Higashine,東根市
464929,Kimotsuki,肝付町
453820,Kunitomi,国富町
383562,Kamijima,上島町
192082,Minami-Alps,南アルプス市
112151,Sayama,狭山市
222135,Kakegawa,掛川市
302023,Kainan,海南市
012157,Bibai,美唄市
142107,Miura,三浦市
322032,Izumo,出雲市
192091,Hokuto,北杜市
062057,Shinjō-shi,新庄市
082244,Moriya,守谷市
465020,Minamitane,南種子町
465305,Tokunoshima,徳之島町
443221,Himeshima,姫島村
373222,Tonoshō-chō,土庄町
344621,Sera,世羅町
153427,Yahiko,弥彦村
272281,Sennan,泉南市
442071,Tsukumi,津久見市
202037,Ueda,上田市
442062,Usuki,臼杵市
342092,Miyoshi,三次市
082325,Kamisu,神栖市
192058,Yamanashi,山梨市
292028,Yamatotakada,大和高田市
202045,Okaya,岡谷市
232173,Kōnan-shi,江南市
012211,Nayoro,名寄市
222160,Fukuroi,袋井市
172073,Hakui,羽咋市
272329,Hannan,阪南市
252140,Maihara,米原市
382108,Iyo,伊予市
082252,Hitachiōmiya-shi,常陸大宮市
352071,Kudamatsu,下松市
302031,Hashimoto,橋本市
202118,Nakano,中野市
062065,Sagae,寒河江市
282146,Takarazuka,宝塚市
332038,Tsuyama,津山市
202053,Iida,飯田市
402249,Fukutsu,福津市
384887,Kihoku,鬼北町
343099,Saka,坂町
383864,Kumakogen,久万高原町
042064,Shiroishi,白石市
082155,Kitaibaraki City,北茨城市
202088,Komoro,小諸市
012271,Utashinai,歌志内市
012254,Takikawa,滝川市
082236,Itako,潮来市
362034,Komatsushima,小松島市
352101,Hikari,光市
012220,Mikasa,三笠市
212181,Motosu,本巣市
272302,Katano,交野市
212105,Ena,恵那市
342041,Mihara,三原市
202142,Chino,茅野市
122386,Isumi,いすみ市
202193,Tōmi-shi,東御市
202100,Komagane,駒ヶ根市
062120,Obanazawa,尾花沢市
172057,Suzu,珠洲市
402176,Chikushino,筑紫野市
082295,Inashiki,稲敷市
082040,Koga,古河市
472077,Ishigaki,石垣市
212067,Nakatsugawa,中津川市
082121,Hitachiōta-shi,常陸太田市
382132,Shikokuchūō-shi,四国中央市
202096,Ina,伊那市
452076,Kushima,串間市
082163,Kasama,笠間市
182028,Tsuruga,敦賀市
052159,Semboku,仙北市
212172,Hida,飛騨市
402150,Nakama,中間市
382035,Uwajima,宇和島市
252123,Takashima,高島市
082198,Ushiku,牛久市
082082,Ryūgasaki-shi,龍ケ崎市
332097,Takahashi,高梁市
012360,Hokuto,北斗市
402257,Ukiha,うきは市
222232,Omaezaki,御前崎市
452068,Hyūga-shi,日向市
272132,Izumisano,泉佐野市
331023,Naka-ku,中区
052141,Nikaho,にかほ市
242098,Owase,尾鷲市
172090,Kahoku,かほく市
202061,Suwa,諏訪市
112101,Kazo,加須市
092169,Shimotsuke,下野市
322075,Gōtsu-shi,江津市
062090,Nagai,長井市
262056,Miyazu,宮津市
202070,Suzaka,須坂市
422088,Matsuura,松浦市
331015,Kita-ku,北区
331031,Higashi-ku,東区
462136,Nishinoomote,西之表市
282197,Sanda,三田市
212211,Kaizu,海津市
252034,Nagahama,長浜市
092151,Nasukarasuyama,那須烏山市
112160,Hanyū-shi,羽生市
252093,Kōka-shi,甲賀市
462144,Tarumizu,垂水市
442054,Saiki,佐伯市
152161,Itoigawa,糸魚川市
272256,Takaishi,高石市
102083,Shibukawa,渋川市
402133,Yukuhashi,行橋市
082074,Yūki-shi,結城市
112372,Misato,三郷市
342106,Shōbara-shi,庄原市
212199,Gujō-shi,郡上市
222216,Kosai,湖西市
152269,Minamiuonuma,南魚沼市
112097,Hannō,飯能市
212121,Toki,土岐市
192112,Fuefuki,笛吹市
422037,Shimabara,島原市
182079,Sabae,鯖江市
442101,Kitsuki,杵築市
442127,Bungo-ōno-shi,豊後大野市
252115,Konan,湖南市
372064,Sanuki,さぬき市
332046,Tamano,玉野市
402061,Tagawa,田川市
222267,Makinohara,牧之原市
302058,Gobō-shi,御坊市
222208,Susono,裾野市
452084,Saito,西都市
402109,Yame,八女市
062138,Nanyo,南陽市
292087,Gose,御所市
182061,Katsuyama,勝山市
282201,Kasai,加西市
212148,Kani,可児市
212083,Mizunami,瑞浪市
112381,Hasuda,蓮田市
362077,Mima,美馬市
433853,Ueki,植木町
401081,Yahatahigashi-ku,八幡東区
262081,Mukō-shi,向日市
192121,Uenohara,上野原市
412058,Imari,伊万里市
202151,Shiojiri,塩尻市
112399,Sakado,坂戸市
152251,Uonuma,魚沼市
442097,Bungotakada,豊後高田市
112330,Kitamoto,北本市
401056,Tobata-ku,戸畑区
401030,Wakamatsu-ku,若松区
401072,Kokuraminami-ku,小倉南区
462187,Kirishima,霧島市
202134,Iiyama,飯山市
472107,Itoman,糸満市
452041,Nichinan,日南市
212075,Mino,美濃市
372030,Sakaide,坂出市
392057,Tosa,土佐市
162116,Imizu,射水市
122360,Katori,香取市
252077,Moriyama,守山市
442089,Taketa,竹田市
332143,Maniwa,真庭市
352161,Sanʼyō-Onoda,山陽小野田市
152099,Kamo,加茂市
322067,Yasugi,安来市
082112,Jōsō-shi,常総市
122351,Sōsa-shi,匝瑳市
152188,Gosen,五泉市
152102,Tōkamachi-shi,十日町市
432032,Hitoyoshi,人吉市
262099,Nagaokakyō-shi,長岡京市
372072,Higashikagawa,東かがわ市
271268,Hirano-ku,平野区
112348,Yashio,八潮市
432113,Uto,宇土市
271217,Higashisumiyoshi-ku,東住吉区
062081,Murayama,村山市
102075,Tatebayashi,館林市
392049,Nankoku,南国市
332054,Kasaoka,笠岡市
462217,Shibushi,志布志市
462179,Sō,曽於市
082341,Hokota,鉾田市
212113,Minokamo,美濃加茂市
412031,Tosu,鳥栖市
282162,Takasago,高砂市
122343,Minamiboso,南房総市
252085,Rittō-shi,栗東市
402044,Nōgata-shi,直方市
422100,Iki,壱岐市
372056,Kan'onji,観音寺市
271179,Asahi Ward,旭区
122378,Sanmu,山武市
332089,Sōja-shi,総社市
072133,Date,伊達市
432067,Tamana,玉名市
271110,Naniwa-ku,浪速区
112437,Yoshikawa,吉川市
272213,Kashiwara,柏原市
112453,Fujimino,ふじみ野市
212059,Seki,関市
112062,Gyōda-shi,行田市
332119,Bizen,備前市
102105,Tomioka,富岡市
472158,Nanjō-shi,南城市
332151,Mimasaka,美作市
452050,Kobayashi,小林市
292125,Uda,宇陀市
332071,Ibara,井原市
272060,Izumiotsu,泉大津市
432164,Kōshi-shi,合志市
332101,Niimi,新見市
432083,Yamaga,山鹿市
442038,Nakatsu,中津市
222259,Izunokuni,伊豆の国市
342157,Etajima,江田島市
282219,Tamba-Sasayama,丹波篠山市
412040,Taku,多久市
431028,Higashi-ku,東区
271284,Chūō-ku,中央区
431052,Kita-ku,北区
431044,Minami-ku,南区
112283,Shiki,志木市
112119,Honjō-shi,本庄市
072141,Motomiya,本宮市
112402,Satte,幸手市
282243,Minami-Awaji,南あわじ市
282294,Tatsuno,たつの市
282235,Tamba,丹波市
442143,Kunisaki,国東市
372081,Mitoyo,三豊市
431036,Nishi-ku,西区
282286,Katō-shi,加東市
392111,Kōnan-shi,香南市
282278,Shisō-shi,宍粟市
082333,Namegata,行方市
282227,Yabu,養父市
412066,Takeo,武雄市
412082,Ogi,小城市
282138,Nishiwaki,西脇市
112411,Tsurugashima,鶴ヶ島市
432121,Kamiamakusa,上天草市
082350,Tsukubamirai,つくばみらい市
113484,Hatoyama,鳩山町
121053,Midori-ku,緑区
013706,Imakane,今金町
293865,Mitsue,御杖村
282189,Ono,小野市
113018,Ina,伊奈町
113816,Misato,美里町
232386,Nagakute,長久手市
464686,Ōsaki-chō,大崎町
152277,Tainai,胎内市
465348,China,知名町
113433,Ogawa,小川町
254410,Toyosato,豊郷町
363014,Katsuura,勝浦町
133035,Mizuho,瑞穂町
111058,Chūō-ku,中央区
392120,Kami,香美市
322091,Unnan,雲南市
401366,Jōnan-ku,城南区
015202,Horonobe,幌延町
203882,Miyada,宮田村
271047,Konohana-ku,此花区
423211,Higashisonogi,東彼杵町
014338,Moseushi,妹背牛町
403415,Umi,宇美町
182095,Echizen,越前市
204145,Yasuoka,泰阜村
104213,Nakanojō,中之条町
035017,Karumai,軽米町
473243,Yomitan,読谷村
112429,Hidaka,日高市
272086,Kaizuka,貝塚市
385069,Ainan,愛南町
473600,Izena,伊是名村
271225,Nishinari-ku,西成区
434329,Nishihara,西原村
114081,Yorii,寄居町
454052,Kawaminami,川南町
271209,Sumiyoshi-ku,住吉区
271152,Higashinari-ku,東成区
271250,Suminoe-ku,住之江区
362085,Miyoshi,三好市
422142,Minamishimabara,南島原市
422096,Tsushima,対馬市
422134,Unzen,雲仙市
194301,Fujikawaguchiko,富士河口湖町
262145,Kizugawa,木津川市
332160,Asakuchi,浅口市
412104,Kanzaki,神埼市
432105,Kikuchi,菊池市
271039,Fukushima-ku,福島区
271136,Nishiyodogawa-ku,西淀川区
402265,Miyawaka,宮若市
442135,Yufu,由布市
182109,Sakai,坂井市
082317,Sakuragawa,桜川市
402290,Miyama,みやま市
045811,Onagawa,女川町
203211,Karuizawa,軽井沢町
034827,Yamada,山田町
075477,Namie,浪江町
075434,Tomioka,富岡町
075469,Futaba,双葉町
111082,Minami-ku,南区
401064,Kokurakita-ku,小倉北区
041017,Aoba-ku,青葉区
271420,Naka-ku,中区
271446,Nishi-ku,西区
402303,Itoshima,糸島市
204854,Hakuba,白馬村
384224,Uchiko-chō,内子町
013676,Okushiri,奥尻町
134210,Ogasawara Village,小笠原村
015849,Tōyako-chō,洞爺湖町
304221,Taiji,太地町
271462,Kita-ku,北区
271471,Mihara-ku,美原区
221023,Suruga-ku,駿河区
331040,Minami-ku,南区
121061,Mihama-ku,美浜区
221317,Naka-ku,中区
121011,Chūō-ku,中央区
121029,Hanamigawa-ku,花見川区
105236,Chiyoda,千代田町
232360,Miyoshi,みよし市
083411,Tōkai-mura,東海村
013714,Setana,せたな町
010006,Hokkaido,北海道
404471,Chikuzen,筑前町
130001,Tokyo Metropolitan Government,東京都庁
111015,Nishi-ku,西区
261041,Nakagyō Ward,中京区
121045,Wakaba-ku,若葉区
121037,Inage-ku,稲毛区
141348,Takatsu-ku,高津区
041041,Taihaku-ku,太白区
041050,Izumi-ku,泉区
041025,Miyagino-ku,宮城野区
401099,Yahatanishi-ku,八幡西区
141372,Asao-ku,麻生区
271454,Minami-ku,南区
271411,Sakai-ku,堺区
271438,Higashi-ku,東区
112046,Urawa,浦和市
141364,Miyamae-ku,宮前区
141356,Tama-ku,多摩区
261106,Yamashina-ku,山科区
261068,Shimogyō-ku,下京区
281051,Hyōgo-ku,兵庫区
281069,Nagata-ku,長田区
221333,Nishi-ku,西区
221325,Higashi-ku,東区
221376,Tenryū-ku,天竜区
221406,Tenryū-ku,天竜区
221350,Kita-ku,北区
401013,Moji-ku,門司区
016977,Ruyobetsu,留夜別村
111066,Sakura-ku,桜区
401374,Sawara-ku,早良区
221015,Aoi-ku,葵区
221341,Minami-ku,南区
041033,Wakabayashi-ku,若林区
141526,Chūō-ku,中央区
141534,Minami-ku,南区
401358,Nishi-ku,西区
401340,Minami-ku,南区
141518,Midori-ku,緑区
281085,Tarumi-ku,垂水区
281093,Kita-ku,北区
011011,Chūō-ku,中央区
273830,Chihayaakasaka,千早赤阪村
406473,Chikujō-machi,築上町
204528,Chikuhoku,筑北村
253847,Ryūō-chō,竜王町
244724,Minamiise,南伊勢町
111091,Midori-ku,緑区
011037,Higashi-ku,東区
011029,Kita-ku,北区
011100,Kiyota-ku,清田区
011061,Minami-ku,南区
011053,Toyohira-ku,豊平区
011096,Teine-ku,手稲区
011088,Atsubetsu-ku,厚別区
011070,Nishi-ku,西区
123421,Kōzaki-machi,神崎町
141089,Kanazawa-ku,金沢区
141151,Sakae-ku,栄区
141046,Naka-ku,中区
141071,Isogo-ku,磯子区
133621,Toshima,利島村
141119,Kōnan-ku,港南区
141054,Minami-ku,南区
281115,Nishi-ku,西区
141186,Tsuzuki-ku,都筑区
141143,Seya-ku,瀬谷区
141127,Asahi-ku,旭区
141020,Kanagawa-ku,神奈川区
014800,Rumoi Subprefecture,留萌振興局
141321,Saiwai-ku,幸区
281026,Nada-ku,灘区
111040,Minuma-ku,見沼区
103454,Yoshioka,吉岡町
111074,Urawa-ku,浦和区
261114,Nishikyō Ward,西京区
261076,Minami-ku,南区
133817,Miyake,三宅村
133051,Hinode,日の出町
285862,Shin'onsen,新温泉町
261017,Kita-ku,北区
284815,Kamigori,上郡町
284645,Taishi,太子町
283819,Inami,稲美町
231142,Midori-ku,緑区
284467,Kamikawa,神河町
231100,Nakagawa-ku,中川区
281077,Suma-ku,須磨区
334456,Satosho,里庄町
153613,Tagami,田上町
285854,Kami,香美町
231169,Tenpaku-ku,天白区
283657,Taka,多可町
283011,Inagawa,猪名川町
231070,Shōwa-ku,昭和区
231151,Meitō-ku,名東区
231126,Minami-ku,南区
231134,Moriyama-ku,守山区
283827,Harima,播磨町
334618,Yakage,矢掛町
336068,Kagamino,鏡野町
334235,Hayashima,早島町
074641,Izumizaki,泉崎村
043214,Ōgawara,大河原町
074811,Tanagura,棚倉町
045012,Wakuya,涌谷町
394122,Shimanto,四万十町
373877,Ayagawa,綾川町
336238,Nagi,奈義町
336661,Misaki,美咲町
336637,Kumenan,久米南町
313254,Wakasa,若桜町
333468,Wake,和気町
314021,Hino,日野町
313297,Yazu,八頭町
394106,Hidaka,日高村
313700,Yurihama,湯梨浜町
324485,Misato,美郷町
313891,Nanbu,南部町
324418,Kawamoto,川本町
393045,Yasuda,安田町
314030,Kōfu-chō,江府町
313289,Chizu,智頭町
336815,Kibi-chūō Chō,吉備中央町
323438,Okuizumo,奥出雲町
336220,Shōō-chō,勝央町
401331,Chūō-ku,中央区
373869,Utazu,宇多津町
394114,Tsuno,津野町
433675,Nankan,南関町
433641,Gyokuto,玉東町
434035,Ozu,大津町
433683,Nagasu,長洲町
433691,Nagomi,和水町
434043,Kikuyō-machi,菊陽町
313645,Misasa,三朝町
335860,Shinjō-son,新庄村
336432,Nishiawakura,西粟倉村
393631,Tosa,土佐町
465259,Setouchi,瀬戸内町
434230,Minamioguni,南小国町
285013,Sayo,佐用町
111104,Iwatsuki-ku,岩槻区
434825,Ashikita,芦北町
435058,Taragi,多良木町
473065,Nakijin,今帰仁村
434256,Ubuyama,産山村
444618,Kokonoe,九重町
434281,Takamori,高森町
434337,Minamiaso,南阿蘇村
435317,Reihoku,苓北町
435139,Kuma,球磨村
435112,Itsuki,五木村
435066,Yunomae,湯前町
435074,Mizukami,水上村
443417,Hiji,日出町
434442,Kōsa-machi,甲佐町
434477,Yamato,山都町
435147,Asagiri,あさぎり町
435104,Sagara,相良村
435121,Yamae,山江村
434841,Tsunagi,津奈木町
435015,Nishiki,錦町
434680,Hikawa,氷川町
434426,Kashima,嘉島町
444626,Kusu,玖珠町
016489,Rikubetsu,陸別町
016632,Hamanaka,浜中町
016675,Tsurui,鶴居村
016659,Teshikaga,弟子屈町
016683,Shiranuka,白糠町
016616,Kushiro,釧路町
016497,Urahoro,浦幌町
016934,Shibetsu,標津町
016471,Ashoro,足寄町
015865,Mukawa,むかわ町
141062,Hodogaya-ku,保土ケ谷区
473596,Iheya,伊平屋村
143669,Kaisei,開成町
143626,Ōi-machi,大井町
203076,Kitaaiki,北相木村
134023,Aogashima,青ヶ島村
261092,Fushimi-ku,伏見区
124231,Chōsei-mura,長生村
294012,Takatori,高取町
304018,Shirahama,白浜町
124036,Kujūkuri-machi,九十九里町
143839,Manazuru,真鶴町
224243,Yoshida,吉田町
294497,Totsukawa,十津川村
123293,Sakae,栄町
215074,Higashishirakawa,東白川村
473154,Ie,伊江村
203866,Nakagawa,中川村
024082,Tōhoku-machi,東北町
143634,Matsuda,松田町
123471,Tako,多古町
141011,Tsurumi-ku,鶴見区
473758,Tarama,多良間村
473111,Onna,恩納村
103675,Kanna,神流町
294438,Shimoichi,下市町
083101,Shirosato,城里町
044067,Rifu,利府町
473031,Higashi,東村
034029,Hiraizumi,平泉町
473138,Ginoza,宜野座村
203637,Hara,原村
204111,Shimojō-mura,下條村
263435,Ide,井手町
233625,Fusō-chō,扶桑町
245623,Kihō-chō,紀宝町
204129,Urugi,売木村
293431,Sangō,三郷町
204030,Takamori,高森町
294535,Higashiyoshino,東吉野村
294446,Kurotaki,黒滝村
293636,Tawaramoto,田原本町
294519,Kamikitayama,上北山村
223417,Shimizu,清水町
084425,Miho,美浦村
093645,Nogi,野木町
244716,Taiki,大紀町
124273,Chōnan-machi,長南町
293229,Yamazoe,山添村
353418,Kaminoseki,上関町
263443,Ujitawara,宇治田原町
234249,Ōharu-chō,大治町
234478,Taketoyo,武豊町
264075,Kyōtanba-chō,京丹波町
263664,Seika,精華町
203050,Minamimaki,南牧村
294471,Nosegawa,野迫川村
303836,Yura,由良町
122394,Oamishirasato,大網白里市
244422,Meiwa,明和町
264652,Yosano,与謝野町
124109,Yokoshibahikari,横芝光町
144011,Aikawa,愛川町
105228,Meiwa,明和町
204072,Achi,阿智村
124249,Shirako,白子町
084476,Kawachi,河内町
214035,Ōno-chō,大野町
085642,Tone,利根町
085464,Sakai,境町
273228,Nose,能勢町
204048,Anan,阿南町
104256,Tsumagoi,嬬恋村
215066,Shirakawa,白川町
141178,Aoba-ku,青葉区
104248,Naganohara,長野原町
141135,Midori-ku,緑区
141160,Izumi-ku,泉区
083020,Ibaraki,茨城町
085219,Yachiyo,八千代町
141038,Nishi-ku,西区
263648,Kasagi,笠置町
104299,Higashiagatsuma,東吾妻町
093840,Shioya,塩谷町
263222,Kumiyama,久御山町
294462,Tenkawa,天川村
293628,Miyake,三宅町
103845,Kanra,甘楽町
223255,Kannami,函南町
124265,Nagara,長柄町
213039,Kasamatsu,笠松町
093459,Haga,芳賀町
294241,Kanmaki,上牧町
093670,Iwafune,岩舟町
303810,Mihama,美浜町
213811,Gōdo-chō,神戸町
263656,Wazuka,和束町
124630,Kyonan,鋸南町
234451,Minamichita,南知多町
221368,Hamakita Ward,浜北区
104434,Katashina,片品村
214043,Ikeda,池田町
124214,Ichinomiya,一宮町
104647,Tamamura,玉村町
293458,Ando,安堵町
284424,Ichikawa,市川町
124095,Shibayama,芝山町
214213,Kitagata,北方町
103446,Shintō-mura,榛東村
203092,Sakuho,佐久穂町
244708,Watarai,度会町
263672,Minamiyamashiro,南山城村
294411,Yoshino,吉野町
303909,Inami,印南町
293610,Kawanishi,川西町
223042,Minamiizu,南伊豆町
216046,Shirakawa,白川村
204170,Ōshika-mura,大鹿村
215031,Kawabe,川辺町
294501,Shimokitayama,下北山村
163422,Nyūzen-machi,入善町
105210,Itakura,板倉町
245437,Kihoku,紀北町
245615,Mihama,御浜町
084433,Ami,阿見町
234460,Mihama,美浜町
215040,Hichisō-chō,七宗町
104485,Shōwa-mura,昭和村
215023,Tomika,富加町
261050,Higashiyama-ku,東山区
223026,Kawazu,河津町
234419,Agui,阿久比町
294276,Kawai,河合町
194239,Nishikatsura,西桂町
104281,Takayama,高山村
204153,Takagi,喬木村
223051,Matsuzaki,松崎町
224294,Kawanehon,川根本町
214019,Ibigawa,揖斐川町
204811,Ikeda,池田町
204137,Tenryū-mura,天龍村
234257,Kanie,蟹江町
243035,Kisosaki,木曽岬町
223069,Nishiizu,西伊豆町
234273,Tobishima,飛島村
233617,Oguchi,大口町
243248,Tōin-chō,東員町
243418,Komono,菰野町
244414,Taki,多気町
113468,Kawajima,川島町
204102,Neba,根羽村
203238,Miyota,御代田町
203629,Fujimi,富士見町
203611,Shimosuwa,下諏訪町
203033,Koumi,小海町
194433,Tabayama,丹波山村
154610,Yuzawa,湯沢町
204293,Ōtaki-mura,王滝村
193844,Shōwa-chō,昭和町
206024,Sakae,栄村
213021,Ginan,岐南町
213829,Wanouchi,輪之内町
154822,Tsunan,津南町
153079,Seiro,聖籠町
163228,Kamiichi,上市町
194298,Narusawa,鳴沢村
194255,Yamanakako,山中湖村
043028,Shichikashuku,七ヶ宿町
193658,Minobu,身延町
193640,Hayakawa,早川町
313840,Hiezu,日吉津村
193461,Ichikawamisato,市川三郷町
223425,Nagaizumi,長泉町
204307,Okuwa,大桑村
194221,Dōshi-mura,道志村
294527,Kawakami,川上村
163210,Funahashi,舟橋村
163431,Asahi,朝日町
205621,Kijimadaira,木島平村
205613,Yamanouchi,山ノ内町
044440,Shikama,色麻町
313904,Hōki-chō,伯耆町
204862,Otari,小谷村
133612,Ōshima-machi,大島町
244431,Ōdai-chō,大台町
343692,Kitahiroshima,北広島町
154059,Izumozaki,出雲崎町
013951,Niseko,ニセコ町
204820,Matsukawa,松川村
133639,Niijima,新島村
343684,Akiota,安芸太田町
343021,Fuchū-chō,府中町
343072,Kumano,熊野町
193666,Nanbu,南部町
014001,Kutchan,倶知安町
155811,Sekikawa,関川村
153851,Aga,阿賀町
044245,Ohira,大衡村
173860,Hōdatsu-shimizu-chō,宝達志水町
313718,Kotoura,琴浦町
314013,Nichinan,日南町
044229,Ōsato,大郷町
313866,Daisen,大山町
074217,Aizubange,会津坂下町
074446,Mishima,三島町
353434,Tabuse,田布施町
074829,Yamatsuri,矢祭町
353051,Suō-ōshima-chō,周防大島町
074454,Kaneyama,金山町
141313,Kawasaki-ku,川崎区
043231,Shibata,柴田町
325279,Chibu,知夫村
325287,Okinoshima,隠岐の島町
074667,Yabuki,矢吹町
073687,Minamiaizu,南会津町
042161,Tomiya,富谷市
073016,Koori,桑折町
353442,Hirao,平生町
043621,Yamamoto,山元町
033022,Kuzumaki,葛巻町
141330,Nakahara-ku,中原区
053660,Ikawa,井川町
044211,Taiwa,大和町
053481,Mitane,三種町
393011,Tōyō-chō,東洋町
473286,Nakagusuku,中城村
473251,Kadena,嘉手納町
053279,Kamikoani,上小阿仁村
053619,Gojōme-machi,五城目町
075027,Tamakawa,玉川村
473553,Aguni,粟国村
075035,Hirata,平田村
045055,Misato,美里町
043613,Watari,亘理町
044458,Kami,加美町
075612,Shinchi,新地町
073423,Kagamiishi,鏡石町
073628,Shimogō-machi,下郷町
074845,Samegawa,鮫川村
054640,Higashinaruse,東成瀬村
403849,Onga,遠賀町
073229,Otama,大玉村
073679,Tadami,只見町
053635,Hachirōgata-machi,八郎潟町
074233,Yanaizu,柳津町
074462,Shōwa-mura,昭和村
075019,Ishikawa,石川町
043249,Kawasaki,川崎町
074471,Aizumisato,会津美里町
073440,Ten-ei,天栄村
074021,Kitashiobara,北塩原村
074225,Yugawa,湯川村
403440,Sue,須恵町
073644,Hinoemata,檜枝岐村
073032,Kunimi,国見町
313726,Hokuei,北栄町
344311,Ōsakikamijima,大崎上島町
363685,Naka-chō,那賀町
075043,Asakawa,浅川町
033227,Yahaba,矢巾町
033812,Kanegasaki,金ケ崎町
473561,Tonaki,渡名喜村
024066,Yokohama,横浜町
393037,Tano,田野町
074837,Hanawa,塙町
405035,Tachiarai,大刀洗町
075051,Furudono,古殿町
465011,Nakatane,中種子町
035068,Kunohe,九戸村
394033,Ochi,越知町
394025,Sakawa,佐川町
406023,Soeda,添田町
454214,Kadogawa,門川町
423084,Togitsu,時津町
473081,Motobu,本部町
032166,Takizawa,滝沢市
393029,Nahari,奈半利町
406104,Fukuchi,福智町
406422,Yoshitomi,吉富町
033669,Nishiwaga,西和賀町
363413,Ishii,石井町
