period,table_no,stat_inf_id,title,file_types,url
2012-12,12-12-01-1,000021315227,国籍・地域別　在留資格（在留目的）別　在留外国人,EXCEL,https://www.e-stat.go.jp/stat-search/file-download?statInfId=000021315227&fileKind=0
2012-12,12-12-01-2,000021315228,国籍・地域別　在留資格（在留目的）別　総在留外国人,EXCEL,https://www.e-stat.go.jp/stat-search/file-download?statInfId=000021315228&fileKind=0
2012-12,12-12-02-1,000021315229,国籍・地域別　年齢・男女別　在留外国人,EXCEL,https://www.e-stat.go.jp/stat-search/file-download?statInfId=000021315229&fileKind=0
2012-12,12-12-02-2,000021315230,国籍・地域別　年齢・男女別　総在留外国人,EXCEL,https://www.e-stat.go.jp/stat-search/file-download?statInfId=000021315230&fileKind=0
2012-12,12-12-03,000021315231,在留資格別　年齢・男女別　在留外国人,EXCEL,https://www.e-stat.go.jp/stat-search/file-download?statInfId=000021315231&fileKind=0
2012-12,12-12-04,000021315232,都道府県別　国籍・地域別　在留外国人,EXCEL,https://www.e-stat.go.jp/stat-search/file-download?statInfId=000021315232&fileKind=0
2012-12,12-12-05-0,000021315233,都道府県別　在留資格（在留目的）別　在留外国人（総数）,EXCEL,https://www.e-stat.go.jp/stat-search/file-download?statInfId=000021315233&fileKind=0
2012-12,12-12-05-1,000021315234,都道府県別　在留資格（在留目的）別　在留外国人（その１　中国）,EXCEL,https://www.e-stat.go.jp/stat-search/file-download?statInfId=000021315234&fileKind=0
2012-12,12-12-05-2,000021315235,都道府県別　在留資格（在留目的）別　在留外国人（その２　台湾）,EXCEL,https://www.e-stat.go.jp/stat-search/file-download?statInfId=000021315235&fileKind=0
2012-12,12-12-05-3,000021315236,都道府県別　在留資格（在留目的）別　在留外国人（その３　韓国・朝鮮）,EXCEL,https://www.e-stat.go.jp/stat-search/file-download?statInfId=000021315236&fileKind=0
2012-12,12-12-05-4,000021315237,都道府県別　在留資格（在留目的）別　在留外国人（その４　フィリピン）,EXCEL,https://www.e-stat.go.jp/stat-search/file-download?statInfId=000021315237&fileKind=0
2012-12,12-12-05-5,000021315238,都道府県別　在留資格（在留目的）別　在留外国人（その５　ブラジル）,EXCEL,https://www.e-stat.go.jp/stat-search/file-download?statInfId=000021315238&fileKind=0
2012-12,12-12-06-0,000021315239,都道府県別　年齢・男女別　在留外国人（総数）,EXCEL,https://www.e-stat.go.jp/stat-search/file-download?statInfId=000021315239&fileKind=0
2012-12,12-12-06-1,000021315240,都道府県別　年齢・男女別　在留外国人（その１　中国）,EXCEL,https://www.e-stat.go.jp/stat-search/file-download?statInfId=000021315240&fileKind=0
2012-12,12-12-06-2,000021315241,都道府県別　年齢・男女別　在留外国人（その２　台湾）,EXCEL,https://www.e-stat.go.jp/stat-search/file-download?statInfId=000021315241&fileKind=0
2012-12,12-12-06-3,000021315242,都道府県別　年齢・男女別　在留外国人（その３　韓国・朝鮮）,EXCEL,https://www.e-stat.go.jp/stat-search/file-download?statInfId=000021315242&fileKind=0
2012-12,12-12-06-4,000021315303,都道府県別　年齢・男女別　在留外国人（その４　フィリピン）,EXCEL,https://www.e-stat.go.jp/stat-search/file-download?statInfId=000021315303&fileKind=0
2012-12,12-12-06-5,000021315304,都道府県別　年齢・男女別　在留外国人（その５　ブラジル）,EXCEL,https://www.e-stat.go.jp/stat-search/file-download?statInfId=000021315304&fileKind=0
2012-12,12-12-07,000022401560,国籍・地域別　市区町村別　在留外国人,EXCEL,https://www.e-stat.go.jp/stat-search/file-download?statInfId=000022401560&fileKind=0
2012-12,12-12-07-A,000022401561,（別表）在留外国人総数上位１００自治体,EXCEL,https://www.e-stat.go.jp/stat-search/file-download?statInfId=000022401561&fileKind=0
2013-06,13-06-01-1,000023609633,国籍・地域別　在留資格（在留目的）別　在留外国人,EXCEL,https://www.e-stat.go.jp/stat-search/file-download?statInfId=000023609633&fileKind=0
2013-06,13-06-01-2,000023609746,国籍・地域別　在留資格（在留目的）別　総在留外国人,EXCEL,https://www.e-stat.go.jp/stat-search/file-download?statInfId=000023609746&fileKind=0
2013-06,13-06-02-1,000023609634,国籍・地域別　年齢・男女別　在留外国人,EXCEL,https://www.e-stat.go.jp/stat-search/file-download?statInfId=000023609634&fileKind=0
2013-06,13-06-02-2,000023609752,国籍・地域別　年齢・男女別　総在留外国人,EXCEL,https://www.e-stat.go.jp/stat-search/file-download?statInfId=000023609752&fileKind=0
2013-06,13-06-03,000023609753,在留資格別　年齢・男女別　在留外国人,EXCEL,https://www.e-stat.go.jp/stat-search/file-download?statInfId=000023609753&fileKind=0
2013-06,13-06-04,000023609653,都道府県別　国籍・地域別　在留外国人,EXCEL,https://www.e-stat.go.jp/stat-search/file-download?statInfId=000023609653&fileKind=0
2013-06,13-06-05-0,000023609747,都道府県別　在留資格別　在留外国人（総数）,EXCEL,https://www.e-stat.go.jp/stat-search/file-download?statInfId=000023609747&fileKind=0
2013-06,13-06-05-1,000023609654,都道府県別　在留資格別　在留外国人（その１　中国）,EXCEL,https://www.e-stat.go.jp/stat-search/file-download?statInfId=000023609654&fileKind=0
2013-06,13-06-05-2,000023609635,都道府県別　在留資格別　在留外国人（その２　台湾）,EXCEL,https://www.e-stat.go.jp/stat-search/file-download?statInfId=000023609635&fileKind=0
2013-06,13-06-05-3,000023609772,都道府県別　在留資格別　在留外国人（その３　韓国・朝鮮）,EXCEL,https://www.e-stat.go.jp/stat-search/file-download?statInfId=000023609772&fileKind=0
2013-06,13-06-05-4,000023609754,都道府県別　在留資格別　在留外国人（その４　フィリピン）,EXCEL,https://www.e-stat.go.jp/stat-search/file-download?statInfId=000023609754&fileKind=0
2013-06,13-06-05-5,000023609748,都道府県別　在留資格別　在留外国人（その５　ブラジル）,EXCEL,https://www.e-stat.go.jp/stat-search/file-download?statInfId=000023609748&fileKind=0
2013-06,13-06-06-0,000023609656,都道府県別　年齢・男女別　在留外国人（総数）,EXCEL,https://www.e-stat.go.jp/stat-search/file-download?statInfId=000023609656&fileKind=0
2013-06,13-06-06-1,000023609773,都道府県別　年齢・男女別　在留外国人（その１　中国）,EXCEL,https://www.e-stat.go.jp/stat-search/file-download?statInfId=000023609773&fileKind=0
2013-06,13-06-06-2,000023609755,都道府県別　年齢・男女別　在留外国人（その２　台湾）,EXCEL,https://www.e-stat.go.jp/stat-search/file-download?statInfId=000023609755&fileKind=0
2013-06,13-06-06-3,000023609655,都道府県別　年齢・男女別　在留外国人（その３　韓国・朝鮮）,EXCEL,https://www.e-stat.go.jp/stat-search/file-download?statInfId=000023609655&fileKind=0
2013-06,13-06-06-4,000023609749,都道府県別　年齢・男女別　在留外国人（その４　フィリピン）,EXCEL,https://www.e-stat.go.jp/stat-search/file-download?statInfId=000023609749&fileKind=0
2013-06,13-06-06-5,000023609657,都道府県別　年齢・男女別　在留外国人（その５　ブラジル）,EXCEL,https://www.e-stat.go.jp/stat-search/file-download?statInfId=000023609657&fileKind=0
2013-06,13-06-07,000023609774,市区町村別　国籍・地域別　在留外国人,EXCEL,https://www.e-stat.go.jp/stat-search/file-download?statInfId=000023609774&fileKind=0
2013-06,13-06-07-A,000023609756,（別表）在留外国人総数上位１００自治体,EXCEL,https://www.e-stat.go.jp/stat-search/file-download?statInfId=000023609756&fileKind=0
2013-12,13-12-01-1,000024395065,国籍・地域別　在留資格（在留目的）別　在留外国人,EXCEL,https://www.e-stat.go.jp/stat-search/file-download?statInfId=000024395065&fileKind=0
2013-12,13-12-01-2,000024395066,国籍・地域別　在留資格（在留目的）別　総在留外国人,EXCEL,https://www.e-stat.go.jp/stat-search/file-download?statInfId=000024395066&fileKind=0
2013-12,13-12-02-1,000024395138,国籍・地域別　年齢・男女別　在留外国人,EXCEL,https://www.e-stat.go.jp/stat-search/file-download?statInfId=000024395138&fileKind=0
2013-12,13-12-02-2,000024395139,国籍・地域別　年齢・男女別　総在留外国人,EXCEL,https://www.e-stat.go.jp/stat-search/file-download?statInfId=000024395139&fileKind=0
2013-12,13-12-03,000024395140,在留資格別　年齢・男女別　在留外国人,EXCEL,https://www.e-stat.go.jp/stat-search/file-download?statInfId=000024395140&fileKind=0
2013-12,13-12-04,000024395141,都道府県別　国籍・地域別　在留外国人,EXCEL,https://www.e-stat.go.jp/stat-search/file-download?statInfId=000024395141&fileKind=0
2013-12,13-12-05-0,000024395142,都道府県別　在留資格別　在留外国人（総数）,EXCEL,https://www.e-stat.go.jp/stat-search/file-download?statInfId=000024395142&fileKind=0
2013-12,13-12-05-1,000024395143,都道府県別　在留資格別　在留外国人（その１　中国）,EXCEL,https://www.e-stat.go.jp/stat-search/file-download?statInfId=000024395143&fileKind=0
2013-12,13-12-05-2,000024395144,都道府県別　在留資格別　在留外国人（その２　台湾）,EXCEL,https://www.e-stat.go.jp/stat-search/file-download?statInfId=000024395144&fileKind=0
2013-12,13-12-05-3,000024395145,都道府県別　在留資格別　在留外国人（その３　韓国・朝鮮）,EXCEL,https://www.e-stat.go.jp/stat-search/file-download?statInfId=000024395145&fileKind=0
2013-12,13-12-05-4,000024395146,都道府県別　在留資格別　在留外国人（その４　フィリピン）,EXCEL,https://www.e-stat.go.jp/stat-search/file-download?statInfId=000024395146&fileKind=0
2013-12,13-12-05-5,000024395147,都道府県別　在留資格別　在留外国人（その５　ブラジル）,EXCEL,https://www.e-stat.go.jp/stat-search/file-download?statInfId=000024395147&fileKind=0
2013-12,13-12-06-0,000024395208,都道府県別　年齢・男女別　在留外国人（総数）,EXCEL,https://www.e-stat.go.jp/stat-search/file-download?statInfId=000024395208&fileKind=0
2013-12,13-12-06-1,000024395221,都道府県別　年齢・男女別　在留外国人（その１　中国）,EXCEL,https://www.e-stat.go.jp/stat-search/file-download?statInfId=000024395221&fileKind=0
2013-12,13-12-06-2,000024395222,都道府県別　年齢・男女別　在留外国人（その２　台湾）,EXCEL,https://www.e-stat.go.jp/stat-search/file-download?statInfId=000024395222&fileKind=0
2013-12,13-12-06-3,000024395223,都道府県別　年齢・男女別　在留外国人（その３　韓国・朝鮮）,EXCEL,https://www.e-stat.go.jp/stat-search/file-download?statInfId=000024395223&fileKind=0
2013-12,13-12-06-4,000024395224,都道府県別　年齢・男女別　在留外国人（その４　フィリピン）,EXCEL,https://www.e-stat.go.jp/stat-search/file-download?statInfId=000024395224&fileKind=0
2013-12,13-12-06-5,000024395225,都道府県別　年齢・男女別　在留外国人（その５　ブラジル）,EXCEL,https://www.e-stat.go.jp/stat-search/file-download?statInfId=000024395225&fileKind=0
2013-12,13-12-07,000024395203,市区町村別　国籍・地域別　在留外国人,EXCEL,https://www.e-stat.go.jp/stat-search/file-download?statInfId=000024395203&fileKind=0
2013-12,13-12-07-A,000024395204,（別表）在留外国人総数上位１００自治体,EXCEL,https://www.e-stat.go.jp/stat-search/file-download?statInfId=000024395204&fileKind=0
2014-06,14-06-01-1,000027237337,国籍・地域別　在留資格（在留目的）別　在留外国人,EXCEL,https://www.e-stat.go.jp/stat-search/file-download?statInfId=000027237337&fileKind=0
2014-06,14-06-01-2,000027237585,国籍・地域別　在留資格（在留目的）別　総在留外国人,EXCEL,https://www.e-stat.go.jp/stat-search/file-download?statInfId=000027237585&fileKind=0
2014-06,14-06-02-1,000027237321,国籍・地域別　年齢・男女別　在留外国人,EXCEL,https://www.e-stat.go.jp/stat-search/file-download?statInfId=000027237321&fileKind=0
2014-06,14-06-02-2,000027237250,国籍・地域別　年齢・男女別　総在留外国人,EXCEL,https://www.e-stat.go.jp/stat-search/file-download?statInfId=000027237250&fileKind=0
2014-06,14-06-03,000027237322,在留資格別　年齢・男女別　在留外国人,EXCEL,https://www.e-stat.go.jp/stat-search/file-download?statInfId=000027237322&fileKind=0
2014-06,14-06-04,000027237251,都道府県別　国籍・地域別　在留外国人,EXCEL,https://www.e-stat.go.jp/stat-search/file-download?statInfId=000027237251&fileKind=0
2014-06,14-06-05-0,000027237323,都道府県別　在留資格別　在留外国人（総数）,EXCEL,https://www.e-stat.go.jp/stat-search/file-download?statInfId=000027237323&fileKind=0
2014-06,14-06-05-1,000027237592,都道府県別　在留資格別　在留外国人（その１　中国）,EXCEL,https://www.e-stat.go.jp/stat-search/file-download?statInfId=000027237592&fileKind=0
2014-06,14-06-05-2,000027237338,都道府県別　在留資格別　在留外国人（その２　台湾）,EXCEL,https://www.e-stat.go.jp/stat-search/file-download?statInfId=000027237338&fileKind=0
2014-06,14-06-05-3,000027237586,都道府県別　在留資格別　在留外国人（その３　韓国・朝鮮）,EXCEL,https://www.e-stat.go.jp/stat-search/file-download?statInfId=000027237586&fileKind=0
2014-06,14-06-05-4,000027237324,都道府県別　在留資格別　在留外国人（その４　フィリピン）,EXCEL,https://www.e-stat.go.jp/stat-search/file-download?statInfId=000027237324&fileKind=0
2014-06,14-06-05-5,000027237593,都道府県別　在留資格別　在留外国人（その５　ブラジル）,EXCEL,https://www.e-stat.go.jp/stat-search/file-download?statInfId=000027237593&fileKind=0
2014-06,14-06-06-0,000027237339,都道府県別　年齢・男女別　在留外国人（総数）,EXCEL,https://www.e-stat.go.jp/stat-search/file-download?statInfId=000027237339&fileKind=0
2014-06,14-06-06-1,000027237340,都道府県別　年齢・男女別　在留外国人（その１　中国）,EXCEL,https://www.e-stat.go.jp/stat-search/file-download?statInfId=000027237340&fileKind=0
2014-06,14-06-06-2,000027237595,都道府県別　年齢・男女別　在留外国人（その２　台湾）,EXCEL,https://www.e-stat.go.jp/stat-search/file-download?statInfId=000027237595&fileKind=0
2014-06,14-06-06-3,000027237587,都道府県別　年齢・男女別　在留外国人（その３　韓国・朝鮮）,EXCEL,https://www.e-stat.go.jp/stat-search/file-download?statInfId=000027237587&fileKind=0
2014-06,14-06-06-4,000027237596,都道府県別　年齢・男女別　在留外国人（その４　フィリピン）,EXCEL,https://www.e-stat.go.jp/stat-search/file-download?statInfId=000027237596&fileKind=0
2014-06,14-06-06-5,000027237325,都道府県別　年齢・男女別　在留外国人（その５　ブラジル）,EXCEL,https://www.e-stat.go.jp/stat-search/file-download?statInfId=000027237325&fileKind=0
2014-06,14-06-07,000027237588,市区町村別　国籍・地域別　在留外国人,EXCEL,https://www.e-stat.go.jp/stat-search/file-download?statInfId=000027237588&fileKind=0
2014-06,14-06-07-A,000027237341,（別表）在留外国人総数上位１００自治体,EXCEL,https://www.e-stat.go.jp/stat-search/file-download?statInfId=000027237341&fileKind=0
2014-12,14-12-01-1,000029226524,国籍・地域別　在留資格（在留目的）別　在留外国人,EXCEL,https://www.e-stat.go.jp/stat-search/file-download?statInfId=000029226524&fileKind=0
2014-12,14-12-01-2,000029226525,国籍・地域別　在留資格（在留目的）別　総在留外国人,EXCEL,https://www.e-stat.go.jp/stat-search/file-download?statInfId=000029226525&fileKind=0
2014-12,14-12-02-1,000029226526,国籍・地域別　年齢・男女別　在留外国人,EXCEL,https://www.e-stat.go.jp/stat-search/file-download?statInfId=000029226526&fileKind=0
2014-12,14-12-02-2,000029226527,国籍・地域別　年齢・男女別　総在留外国人,EXCEL,https://www.e-stat.go.jp/stat-search/file-download?statInfId=000029226527&fileKind=0
2014-12,14-12-03,000029226528,在留資格別　年齢・男女別　在留外国人,EXCEL,https://www.e-stat.go.jp/stat-search/file-download?statInfId=000029226528&fileKind=0
2014-12,14-12-04,000029226529,都道府県別　国籍・地域別　在留外国人,EXCEL,https://www.e-stat.go.jp/stat-search/file-download?statInfId=000029226529&fileKind=0
2014-12,14-12-05-0,000029226530,都道府県別　在留資格別　在留外国人（総数）,EXCEL,https://www.e-stat.go.jp/stat-search/file-download?statInfId=000029226530&fileKind=0
2014-12,14-12-05-1,000029226531,都道府県別　在留資格別　在留外国人（その１　中国）,EXCEL,https://www.e-stat.go.jp/stat-search/file-download?statInfId=000029226531&fileKind=0
2014-12,14-12-05-2,000029226612,都道府県別　在留資格別　在留外国人（その２　台湾）,EXCEL,https://www.e-stat.go.jp/stat-search/file-download?statInfId=000029226612&fileKind=0
2014-12,14-12-05-3,000029226613,都道府県別　在留資格別　在留外国人（その３　韓国・朝鮮）,EXCEL,https://www.e-stat.go.jp/stat-search/file-download?statInfId=000029226613&fileKind=0
2014-12,14-12-05-4,000029226614,都道府県別　在留資格別　在留外国人（その４　フィリピン）,EXCEL,https://www.e-stat.go.jp/stat-search/file-download?statInfId=000029226614&fileKind=0
2014-12,14-12-05-5,000029226615,都道府県別　在留資格別　在留外国人（その５　ブラジル）,EXCEL,https://www.e-stat.go.jp/stat-search/file-download?statInfId=000029226615&fileKind=0
2014-12,14-12-06-0,000029226616,都道府県別　年齢・男女別　在留外国人（総数）,EXCEL,https://www.e-stat.go.jp/stat-search/file-download?statInfId=000029226616&fileKind=0
2014-12,14-12-06-1,000029226617,都道府県別　年齢・男女別　在留外国人（その１　中国）,EXCEL,https://www.e-stat.go.jp/stat-search/file-download?statInfId=000029226617&fileKind=0
2014-12,14-12-06-2,000029226618,都道府県別　年齢・男女別　在留外国人（その２　台湾）,EXCEL,https://www.e-stat.go.jp/stat-search/file-download?statInfId=000029226618&fileKind=0
2014-12,14-12-06-3,000029226619,都道府県別　年齢・男女別　在留外国人（その３　韓国・朝鮮）,EXCEL,https://www.e-stat.go.jp/stat-search/file-download?statInfId=000029226619&fileKind=0
2014-12,14-12-06-4,000029226620,都道府県別　年齢・男女別　在留外国人（その４　フィリピン）,EXCEL,https://www.e-stat.go.jp/stat-search/file-download?statInfId=000029226620&fileKind=0
2014-12,14-12-06-5,000029226621,都道府県別　年齢・男女別　在留外国人（その５　ブラジル）,EXCEL,https://www.e-stat.go.jp/stat-search/file-download?statInfId=000029226621&fileKind=0
2014-12,14-12-07,000029226622,市区町村別　国籍・地域別　在留外国人,EXCEL,https://www.e-stat.go.jp/stat-search/file-download?statInfId=000029226622&fileKind=0
2014-12,14-12-07-A,000029226623,（別表）在留外国人総数上位１００自治体,EXCEL,https://www.e-stat.go.jp/stat-search/file-download?statInfId=000029226623&fileKind=0
2015-06,15-06-01-1,000031322041,国籍・地域別　在留資格（在留目的）別　在留外国人,EXCEL,https://www.e-stat.go.jp/stat-search/file-download?statInfId=000031322041&fileKind=0
2015-06,15-06-01-2,000031322117,国籍・地域別　在留資格（在留目的）別　総在留外国人,EXCEL,https://www.e-stat.go.jp/stat-search/file-download?statInfId=000031322117&fileKind=0
2015-06,15-06-02-1,000031322042,国籍・地域別　年齢・男女別　在留外国人,EXCEL,https://www.e-stat.go.jp/stat-search/file-download?statInfId=000031322042&fileKind=0
2015-06,15-06-02-2,000031321807,国籍・地域別　年齢・男女別　総在留外国人,EXCEL,https://www.e-stat.go.jp/stat-search/file-download?statInfId=000031321807&fileKind=0
2015-06,15-06-03,000031321808,在留資格別　年齢・男女別　在留外国人,EXCEL,https://www.e-stat.go.jp/stat-search/file-download?statInfId=000031321808&fileKind=0
2015-06,15-06-04,000031322015,都道府県別　国籍・地域別　在留外国人,EXCEL,https://www.e-stat.go.jp/stat-search/file-download?statInfId=000031322015&fileKind=0
2015-06,15-06-05-0,000031321809,都道府県別　在留資格別　在留外国人（総数）,EXCEL,https://www.e-stat.go.jp/stat-search/file-download?statInfId=000031321809&fileKind=0
2015-06,15-06-05-1,000031322043,都道府県別　在留資格別　在留外国人（その１　中国）,EXCEL,https://www.e-stat.go.jp/stat-search/file-download?statInfId=000031322043&fileKind=0
2015-06,15-06-05-2,000031322118,都道府県別　在留資格別　在留外国人（その２　台湾）,EXCEL,https://www.e-stat.go.jp/stat-search/file-download?statInfId=000031322118&fileKind=0
2015-06,15-06-05-3,000031322016,都道府県別　在留資格別　在留外国人（その３　韓国・朝鮮）,EXCEL,https://www.e-stat.go.jp/stat-search/file-download?statInfId=000031322016&fileKind=0
2015-06,15-06-05-4,000031321810,都道府県別　在留資格別　在留外国人（その４　フィリピン）,EXCEL,https://www.e-stat.go.jp/stat-search/file-download?statInfId=000031321810&fileKind=0
2015-06,15-06-05-5,000031322044,都道府県別　在留資格別　在留外国人（その５　ブラジル）,EXCEL,https://www.e-stat.go.jp/stat-search/file-download?statInfId=000031322044&fileKind=0
2015-06,15-06-06-0,000031322119,都道府県別　年齢・男女別　在留外国人（総数）,EXCEL,https://www.e-stat.go.jp/stat-search/file-download?statInfId=000031322119&fileKind=0
2015-06,15-06-06-1,000031322017,都道府県別　年齢・男女別　在留外国人（その１　中国）,EXCEL,https://www.e-stat.go.jp/stat-search/file-download?statInfId=000031322017&fileKind=0
2015-06,15-06-06-2,000031321811,都道府県別　年齢・男女別　在留外国人（その２　台湾）,EXCEL,https://www.e-stat.go.jp/stat-search/file-download?statInfId=000031321811&fileKind=0
2015-06,15-06-06-3,000031322045,都道府県別　年齢・男女別　在留外国人（その３　韓国・朝鮮）,EXCEL,https://www.e-stat.go.jp/stat-search/file-download?statInfId=000031322045&fileKind=0
2015-06,15-06-06-4,000031322130,都道府県別　年齢・男女別　在留外国人（その４　フィリピン）,EXCEL,https://www.e-stat.go.jp/stat-search/file-download?statInfId=000031322130&fileKind=0
2015-06,15-06-06-5,000031322018,都道府県別　年齢・男女別　在留外国人（その５　ブラジル）,EXCEL,https://www.e-stat.go.jp/stat-search/file-download?statInfId=000031322018&fileKind=0
2015-06,15-06-07,000031322046,市区町村別　国籍・地域別　在留外国人,EXCEL,https://www.e-stat.go.jp/stat-search/file-download?statInfId=000031322046&fileKind=0
2015-06,15-06-07-A,000031322047,（別表）在留外国人総数上位１００自治体,EXCEL,https://www.e-stat.go.jp/stat-search/file-download?statInfId=000031322047&fileKind=0
2015-12,15-12-01-1,000031399575,国籍・地域別　在留資格（在留目的）別　在留外国人,EXCEL,https://www.e-stat.go.jp/stat-search/file-download?statInfId=000031399575&fileKind=0
2015-12,15-12-01-2,000031399576,国籍・地域別　在留資格（在留目的）別　総在留外国人,EXCEL,https://www.e-stat.go.jp/stat-search/file-download?statInfId=000031399576&fileKind=0
2015-12,15-12-02-1,000031399577,国籍・地域別　年齢・男女別　在留外国人,EXCEL,https://www.e-stat.go.jp/stat-search/file-download?statInfId=000031399577&fileKind=0
2015-12,15-12-02-2,000031399578,国籍・地域別　年齢・男女別　総在留外国人,EXCEL,https://www.e-stat.go.jp/stat-search/file-download?statInfId=000031399578&fileKind=0
2015-12,15-12-03,000031399579,在留資格別　年齢・男女別　在留外国人,EXCEL,https://www.e-stat.go.jp/stat-search/file-download?statInfId=000031399579&fileKind=0
2015-12,15-12-04,000031399580,都道府県別　国籍・地域別　在留外国人,EXCEL,https://www.e-stat.go.jp/stat-search/file-download?statInfId=000031399580&fileKind=0
2015-12,15-12-05-0,000031399581,都道府県別　在留資格別　在留外国人（総数）,EXCEL,https://www.e-stat.go.jp/stat-search/file-download?statInfId=000031399581&fileKind=0
2015-12,15-12-05-1,000031399582,都道府県別　在留資格別　在留外国人（その１　中国）,EXCEL,https://www.e-stat.go.jp/stat-search/file-download?statInfId=000031399582&fileKind=0
2015-12,15-12-05-2,000031399583,都道府県別　在留資格別　在留外国人（その２　台湾）,EXCEL,https://www.e-stat.go.jp/stat-search/file-download?statInfId=000031399583&fileKind=0
2015-12,15-12-05-3,000031399584,都道府県別　在留資格別　在留外国人（その３　韓国）,EXCEL,https://www.e-stat.go.jp/stat-search/file-download?statInfId=000031399584&fileKind=0
2015-12,15-12-05-4,000031399585,都道府県別　在留資格別　在留外国人（その４　フィリピン）,EXCEL,https://www.e-stat.go.jp/stat-search/file-download?statInfId=000031399585&fileKind=0
2015-12,15-12-05-5,000031399586,都道府県別　在留資格別　在留外国人（その５　ブラジル）,EXCEL,https://www.e-stat.go.jp/stat-search/file-download?statInfId=000031399586&fileKind=0
2015-12,15-12-06-0,000031399587,都道府県別　年齢・男女別　在留外国人（総数）,EXCEL,https://www.e-stat.go.jp/stat-search/file-download?statInfId=000031399587&fileKind=0
2015-12,15-12-06-1,000031399588,都道府県別　年齢・男女別　在留外国人（その１　中国）,EXCEL,https://www.e-stat.go.jp/stat-search/file-download?statInfId=000031399588&fileKind=0
2015-12,15-12-06-2,000031399589,都道府県別　年齢・男女別　在留外国人（その２　台湾）,EXCEL,https://www.e-stat.go.jp/stat-search/file-download?statInfId=000031399589&fileKind=0
2015-12,15-12-06-3,000031399590,都道府県別　年齢・男女別　在留外国人（その３　韓国）,EXCEL,https://www.e-stat.go.jp/stat-search/file-download?statInfId=000031399590&fileKind=0
2015-12,15-12-06-4,000031399595,都道府県別　年齢・男女別　在留外国人（その４　フィリピン）,EXCEL,https://www.e-stat.go.jp/stat-search/file-download?statInfId=000031399595&fileKind=0
2015-12,15-12-06-5,000031399596,都道府県別　年齢・男女別　在留外国人（その５　ブラジル）,EXCEL,https://www.e-stat.go.jp/stat-search/file-download?statInfId=000031399596&fileKind=0
2015-12,15-12-07,000031399597,市区町村別　国籍・地域別　在留外国人,EXCEL,https://www.e-stat.go.jp/stat-search/file-download?statInfId=000031399597&fileKind=0
2015-12,15-12-07-A,000031399598,（別表）在留外国人総数上位１００自治体,EXCEL,https://www.e-stat.go.jp/stat-search/file-download?statInfId=000031399598&fileKind=0
2016-06,16-06-01-1,000031474383,国籍・地域別　在留資格（在留目的）別　在留外国人,EXCEL,https://www.e-stat.go.jp/stat-search/file-download?statInfId=000031474383&fileKind=0
2016-06,16-06-01-2,000031474347,国籍・地域別　在留資格（在留目的）別　総在留外国人,EXCEL,https://www.e-stat.go.jp/stat-search/file-download?statInfId=000031474347&fileKind=0
2016-06,16-06-02-1,000031474390,国籍・地域別　年齢・男女別　在留外国人,EXCEL,https://www.e-stat.go.jp/stat-search/file-download?statInfId=000031474390&fileKind=0
2016-06,16-06-02-2,000031474348,国籍・地域別　年齢・男女別　総在留外国人,EXCEL,https://www.e-stat.go.jp/stat-search/file-download?statInfId=000031474348&fileKind=0
2016-06,16-06-03,000031474349,在留資格別　年齢・男女別　在留外国人,EXCEL,https://www.e-stat.go.jp/stat-search/file-download?statInfId=000031474349&fileKind=0
2016-06,16-06-04,000031474391,都道府県別　国籍・地域別　在留外国人,EXCEL,https://www.e-stat.go.jp/stat-search/file-download?statInfId=000031474391&fileKind=0
2016-06,16-06-05-0,000031474410,都道府県別　在留資格別　在留外国人（総数）,EXCEL,https://www.e-stat.go.jp/stat-search/file-download?statInfId=000031474410&fileKind=0
2016-06,16-06-05-1,000031474411,都道府県別　在留資格別　在留外国人（その１　中国）,EXCEL,https://www.e-stat.go.jp/stat-search/file-download?statInfId=000031474411&fileKind=0
2016-06,16-06-05-2,000031474412,都道府県別　在留資格別　在留外国人（その２　台湾）,EXCEL,https://www.e-stat.go.jp/stat-search/file-download?statInfId=000031474412&fileKind=0
2016-06,16-06-05-3,000031474384,都道府県別　在留資格別　在留外国人（その３　韓国）,EXCEL,https://www.e-stat.go.jp/stat-search/file-download?statInfId=000031474384&fileKind=0
2016-06,16-06-05-4,000031474385,都道府県別　在留資格別　在留外国人（その４　フィリピン）,EXCEL,https://www.e-stat.go.jp/stat-search/file-download?statInfId=000031474385&fileKind=0
2016-06,16-06-05-5,000031474386,都道府県別　在留資格別　在留外国人（その５　ブラジル）,EXCEL,https://www.e-stat.go.jp/stat-search/file-download?statInfId=000031474386&fileKind=0
2016-06,16-06-06-0,000031474413,都道府県別　年齢・男女別　在留外国人（総数）,EXCEL,https://www.e-stat.go.jp/stat-search/file-download?statInfId=000031474413&fileKind=0
2016-06,16-06-06-1,000031474392,都道府県別　年齢・男女別　在留外国人（その１　中国）,EXCEL,https://www.e-stat.go.jp/stat-search/file-download?statInfId=000031474392&fileKind=0
2016-06,16-06-06-2,000031474393,都道府県別　年齢・男女別　在留外国人（その２　台湾）,EXCEL,https://www.e-stat.go.jp/stat-search/file-download?statInfId=000031474393&fileKind=0
2016-06,16-06-06-3,000031474387,都道府県別　年齢・男女別　在留外国人（その３　韓国）,EXCEL,https://www.e-stat.go.jp/stat-search/file-download?statInfId=000031474387&fileKind=0
2016-06,16-06-06-4,000031474394,都道府県別　年齢・男女別　在留外国人（その４　フィリピン）,EXCEL,https://www.e-stat.go.jp/stat-search/file-download?statInfId=000031474394&fileKind=0
2016-06,16-06-06-5,000031474430,都道府県別　年齢・男女別　在留外国人（その５　ブラジル）,EXCEL,https://www.e-stat.go.jp/stat-search/file-download?statInfId=000031474430&fileKind=0
2016-06,16-06-07,000031474414,市区町村別　国籍・地域別　在留外国人,EXCEL,https://www.e-stat.go.jp/stat-search/file-download?statInfId=000031474414&fileKind=0
2016-06,16-06-07-A,000031474450,（別表）在留外国人総数上位１００自治体,EXCEL,https://www.e-stat.go.jp/stat-search/file-download?statInfId=000031474450&fileKind=0
2016-12,16-12-01-1,000031557945,国籍・地域別　在留資格（在留目的）別　在留外国人,EXCEL,https://www.e-stat.go.jp/stat-search/file-download?statInfId=000031557945&fileKind=0
2016-12,16-12-01-2,000031557946,国籍・地域別　在留資格（在留目的）別　総在留外国人,EXCEL,https://www.e-stat.go.jp/stat-search/file-download?statInfId=000031557946&fileKind=0
2016-12,16-12-02-1,000031557947,国籍・地域別　年齢・男女別　在留外国人,EXCEL,https://www.e-stat.go.jp/stat-search/file-download?statInfId=000031557947&fileKind=0
2016-12,16-12-02-2,000031557948,国籍・地域別　年齢・男女別　総在留外国人,EXCEL,https://www.e-stat.go.jp/stat-search/file-download?statInfId=000031557948&fileKind=0
2016-12,16-12-03,000031557949,在留資格別　年齢・男女別　在留外国人,EXCEL,https://www.e-stat.go.jp/stat-search/file-download?statInfId=000031557949&fileKind=0
2016-12,16-12-04,000031559330,都道府県別　国籍・地域別　在留外国人,EXCEL,https://www.e-stat.go.jp/stat-search/file-download?statInfId=000031559330&fileKind=0
2016-12,16-12-05-0,000031559331,都道府県別　在留資格別　在留外国人（総数）,EXCEL,https://www.e-stat.go.jp/stat-search/file-download?statInfId=000031559331&fileKind=0
2016-12,16-12-05-1,000031559332,都道府県別　在留資格別　在留外国人（その１　中国）,EXCEL,https://www.e-stat.go.jp/stat-search/file-download?statInfId=000031559332&fileKind=0
2016-12,16-12-05-2,000031559333,都道府県別　在留資格別　在留外国人（その２　台湾）,EXCEL,https://www.e-stat.go.jp/stat-search/file-download?statInfId=000031559333&fileKind=0
2016-12,16-12-05-3,000031559334,都道府県別　在留資格別　在留外国人（その３　韓国）,EXCEL,https://www.e-stat.go.jp/stat-search/file-download?statInfId=000031559334&fileKind=0
2016-12,16-12-05-4,000031559335,都道府県別　在留資格別　在留外国人（その４　フィリピン）,EXCEL,https://www.e-stat.go.jp/stat-search/file-download?statInfId=000031559335&fileKind=0
2016-12,16-12-05-5,000031559336,都道府県別　在留資格別　在留外国人（その５　ブラジル）,EXCEL,https://www.e-stat.go.jp/stat-search/file-download?statInfId=000031559336&fileKind=0
2016-12,16-12-06-0,000031559337,都道府県別　年齢・男女別　在留外国人（総数）,EXCEL,https://www.e-stat.go.jp/stat-search/file-download?statInfId=000031559337&fileKind=0
2016-12,16-12-06-1,000031559338,都道府県別　年齢・男女別　在留外国人（その１　中国）,EXCEL,https://www.e-stat.go.jp/stat-search/file-download?statInfId=000031559338&fileKind=0
2016-12,16-12-06-2,000031559339,都道府県別　年齢・男女別　在留外国人（その２　台湾）,EXCEL,https://www.e-stat.go.jp/stat-search/file-download?statInfId=000031559339&fileKind=0
2016-12,16-12-06-3,000031559340,都道府県別　年齢・男女別　在留外国人（その３　韓国）,EXCEL,https://www.e-stat.go.jp/stat-search/file-download?statInfId=000031559340&fileKind=0
2016-12,16-12-06-4,000031559341,都道府県別　年齢・男女別　在留外国人（その４　フィリピン）,EXCEL,https://www.e-stat.go.jp/stat-search/file-download?statInfId=000031559341&fileKind=0
2016-12,16-12-06-5,000031559342,都道府県別　年齢・男女別　在留外国人（その５　ブラジル）,EXCEL,https://www.e-stat.go.jp/stat-search/file-download?statInfId=000031559342&fileKind=0
2016-12,16-12-07,000031559343,市区町村別　国籍・地域別　在留外国人,EXCEL,https://www.e-stat.go.jp/stat-search/file-download?statInfId=000031559343&fileKind=0
2016-12,16-12-07-A,000031559344,（別表）在留外国人総数上位１００自治体,EXCEL,https://www.e-stat.go.jp/stat-search/file-download?statInfId=000031559344&fileKind=0
2016-12,16-12-t1,000040281956,在留外国人統計テーブルデータ（平成28年末時点）,EXCEL,https://www.e-stat.go.jp/stat-search/file-download?statInfId=000040281956&fileKind=0
2016-12,16-12-ex-1,000040282008,利用上の注意,PDF,https://www.e-stat.go.jp/stat-search/file-download?statInfId=000040282008&fileKind=0
2016-12,16-12-ex-2,000040281958,在留外国人統計テーブルデータのご利用方法について,PDF,https://www.e-stat.go.jp/stat-search/file-download?statInfId=000040281958&fileKind=0
2017-06,17-06-01-1,000031642050,国籍・地域別　在留資格（在留目的）別　在留外国人,EXCEL,https://www.e-stat.go.jp/stat-search/file-download?statInfId=000031642050&fileKind=0
2017-06,17-06-01-2,000031642051,国籍・地域別　在留資格（在留目的）別　総在留外国人,EXCEL,https://www.e-stat.go.jp/stat-search/file-download?statInfId=000031642051&fileKind=0
2017-06,17-06-02-1,000031642052,国籍・地域別　年齢・男女別　在留外国人,EXCEL,https://www.e-stat.go.jp/stat-search/file-download?statInfId=000031642052&fileKind=0
2017-06,17-06-02-2,000031642053,国籍・地域別　年齢・男女別　総在留外国人,EXCEL,https://www.e-stat.go.jp/stat-search/file-download?statInfId=000031642053&fileKind=0
2017-06,17-06-03,000031642054,在留資格別　年齢・男女別　在留外国人,EXCEL,https://www.e-stat.go.jp/stat-search/file-download?statInfId=000031642054&fileKind=0
2017-06,17-06-04,000031642055,都道府県別　国籍・地域別　在留外国人,EXCEL,https://www.e-stat.go.jp/stat-search/file-download?statInfId=000031642055&fileKind=0
2017-06,17-06-05-0,000031642056,都道府県別　在留資格別　在留外国人（総数）,EXCEL,https://www.e-stat.go.jp/stat-search/file-download?statInfId=000031642056&fileKind=0
2017-06,17-06-05-1,000031642057,都道府県別　在留資格別　在留外国人（その１　中国）,EXCEL,https://www.e-stat.go.jp/stat-search/file-download?statInfId=000031642057&fileKind=0
2017-06,17-06-05-2,000031642058,都道府県別　在留資格別　在留外国人（その２　台湾）,EXCEL,https://www.e-stat.go.jp/stat-search/file-download?statInfId=000031642058&fileKind=0
2017-06,17-06-05-3,000031642059,都道府県別　在留資格別　在留外国人（その３　韓国）,EXCEL,https://www.e-stat.go.jp/stat-search/file-download?statInfId=000031642059&fileKind=0
2017-06,17-06-05-4,000031642060,都道府県別　在留資格別　在留外国人（その４　フィリピン）,EXCEL,https://www.e-stat.go.jp/stat-search/file-download?statInfId=000031642060&fileKind=0
2017-06,17-06-05-5,000031642061,都道府県別　在留資格別　在留外国人（その５　ブラジル）,EXCEL,https://www.e-stat.go.jp/stat-search/file-download?statInfId=000031642061&fileKind=0
2017-06,17-06-06-0,000031642062,都道府県別　年齢・男女別　在留外国人（総数）,EXCEL,https://www.e-stat.go.jp/stat-search/file-download?statInfId=000031642062&fileKind=0
2017-06,17-06-06-1,000031642063,都道府県別　年齢・男女別　在留外国人（その１　中国）,EXCEL,https://www.e-stat.go.jp/stat-search/file-download?statInfId=000031642063&fileKind=0
2017-06,17-06-06-2,000031642064,都道府県別　年齢・男女別　在留外国人（その２　台湾）,EXCEL,https://www.e-stat.go.jp/stat-search/file-download?statInfId=000031642064&fileKind=0
2017-06,17-06-06-3,000031642065,都道府県別　年齢・男女別　在留外国人（その３　韓国）,EXCEL,https://www.e-stat.go.jp/stat-search/file-download?statInfId=000031642065&fileKind=0
2017-06,17-06-06-4,000031642066,都道府県別　年齢・男女別　在留外国人（その４　フィリピン）,EXCEL,https://www.e-stat.go.jp/stat-search/file-download?statInfId=000031642066&fileKind=0
2017-06,17-06-06-5,000031642067,都道府県別　年齢・男女別　在留外国人（その５　ブラジル）,EXCEL,https://www.e-stat.go.jp/stat-search/file-download?statInfId=000031642067&fileKind=0
2017-06,17-06-07,000031642068,市区町村別　国籍・地域別　在留外国人,EXCEL,https://www.e-stat.go.jp/stat-search/file-download?statInfId=000031642068&fileKind=0
2017-06,17-06-07-A,000031642069,（別表）在留外国人総数上位１００自治体,EXCEL,https://www.e-stat.go.jp/stat-search/file-download?statInfId=000031642069&fileKind=0
2017-06,17-06-EX,000031642230,【参考】用語の解説（中長期在留者，在留外国人及び総在留外国人について）,PDF,https://www.e-stat.go.jp/stat-search/file-download?statInfId=000031642230&fileKind=0
2017-12,17-12-01-1,000031669224,国籍・地域別　在留資格（在留目的）別　在留外国人,EXCEL,https://www.e-stat.go.jp/stat-search/file-download?statInfId=000031669224&fileKind=0
2017-12,17-12-01-2,000031669225,国籍・地域別　在留資格（在留目的）別　総在留外国人,EXCEL,https://www.e-stat.go.jp/stat-search/file-download?statInfId=000031669225&fileKind=0
2017-12,17-12-02-1,000031669226,国籍・地域別　年齢・男女別　在留外国人,EXCEL,https://www.e-stat.go.jp/stat-search/file-download?statInfId=000031669226&fileKind=0
2017-12,17-12-02-2,000031669227,国籍・地域別　年齢・男女別　総在留外国人,EXCEL,https://www.e-stat.go.jp/stat-search/file-download?statInfId=000031669227&fileKind=0
2017-12,17-12-03,000031669228,在留資格別　年齢・男女別　在留外国人,EXCEL,https://www.e-stat.go.jp/stat-search/file-download?statInfId=000031669228&fileKind=0
2017-12,17-12-04,000031669229,都道府県別　国籍・地域別　在留外国人,EXCEL,https://www.e-stat.go.jp/stat-search/file-download?statInfId=000031669229&fileKind=0
2017-12,17-12-05-0,000031669230,都道府県別　在留資格別　在留外国人（総数）,EXCEL,https://www.e-stat.go.jp/stat-search/file-download?statInfId=000031669230&fileKind=0
2017-12,17-12-05-1,000031669231,都道府県別　在留資格別　在留外国人（その１　中国）,EXCEL,https://www.e-stat.go.jp/stat-search/file-download?statInfId=000031669231&fileKind=0
2017-12,17-12-05-2,000031669232,都道府県別　在留資格別　在留外国人（その２　台湾）,EXCEL,https://www.e-stat.go.jp/stat-search/file-download?statInfId=000031669232&fileKind=0
2017-12,17-12-05-3,000031669233,都道府県別　在留資格別　在留外国人（その３　韓国）,EXCEL,https://www.e-stat.go.jp/stat-search/file-download?statInfId=000031669233&fileKind=0
2017-12,17-12-05-4,000031669234,都道府県別　在留資格別　在留外国人（その４　フィリピン）,EXCEL,https://www.e-stat.go.jp/stat-search/file-download?statInfId=000031669234&fileKind=0
2017-12,17-12-05-5,000031669235,都道府県別　在留資格別　在留外国人（その５　ブラジル）,EXCEL,https://www.e-stat.go.jp/stat-search/file-download?statInfId=000031669235&fileKind=0
2017-12,17-12-05-6,000031725628,都道府県別　在留資格別　在留外国人（その６　ベトナム）,EXCEL,https://www.e-stat.go.jp/stat-search/file-download?statInfId=000031725628&fileKind=0
2017-12,17-12-06-0,000031669236,都道府県別　年齢・男女別　在留外国人（総数）,EXCEL,https://www.e-stat.go.jp/stat-search/file-download?statInfId=000031669236&fileKind=0
2017-12,17-12-06-1,000031669237,都道府県別　年齢・男女別　在留外国人（その１　中国）,EXCEL,https://www.e-stat.go.jp/stat-search/file-download?statInfId=000031669237&fileKind=0
2017-12,17-12-06-2,000031669238,都道府県別　年齢・男女別　在留外国人（その２　台湾）,EXCEL,https://www.e-stat.go.jp/stat-search/file-download?statInfId=000031669238&fileKind=0
2017-12,17-12-06-3,000031669239,都道府県別　年齢・男女別　在留外国人（その３　韓国）,EXCEL,https://www.e-stat.go.jp/stat-search/file-download?statInfId=000031669239&fileKind=0
2017-12,17-12-06-4,000031669240,都道府県別　年齢・男女別　在留外国人（その４　フィリピン）,EXCEL,https://www.e-stat.go.jp/stat-search/file-download?statInfId=000031669240&fileKind=0
2017-12,17-12-06-5,000031669241,都道府県別　年齢・男女別　在留外国人（その５　ブラジル）,EXCEL,https://www.e-stat.go.jp/stat-search/file-download?statInfId=000031669241&fileKind=0
2017-12,17-12-06-6,000031725629,都道府県別　年齢・男女別　在留外国人（その６　ベトナム）,EXCEL,https://www.e-stat.go.jp/stat-search/file-download?statInfId=000031725629&fileKind=0
2017-12,17-12-07,000031669242,市区町村別　国籍・地域別　在留外国人,EXCEL,https://www.e-stat.go.jp/stat-search/file-download?statInfId=000031669242&fileKind=0
2017-12,17-12-07-A,000031669243,（別表）在留外国人総数上位１００自治体,EXCEL,https://www.e-stat.go.jp/stat-search/file-download?statInfId=000031669243&fileKind=0
2017-12,17-12-EX,000031669244,【参考】用語の解説（中長期在留者，在留外国人及び総在留外国人について）,PDF,https://www.e-stat.go.jp/stat-search/file-download?statInfId=000031669244&fileKind=0
2017-12,17-12-t1,000040281959,在留外国人統計テーブルデータ（平成29年末時点）,EXCEL,https://www.e-stat.go.jp/stat-search/file-download?statInfId=000040281959&fileKind=0
2017-12,19-12-EX-2,000040281960,利用上の注意,PDF,https://www.e-stat.go.jp/stat-search/file-download?statInfId=000040281960&fileKind=0
2017-12,19-12-EX-3,000040281961,在留外国人統計テーブルデータのご利用方法について,PDF,https://www.e-stat.go.jp/stat-search/file-download?statInfId=000040281961&fileKind=0
2018-06,18-06-01-1,000031770316,国籍・地域別　在留資格（在留目的）別　在留外国人,EXCEL,https://www.e-stat.go.jp/stat-search/file-download?statInfId=000031770316&fileKind=0
2018-06,18-06-01-2,000031770317,国籍・地域別　在留資格（在留目的）別　総在留外国人,EXCEL,https://www.e-stat.go.jp/stat-search/file-download?statInfId=000031770317&fileKind=0
2018-06,18-06-02-1,000031770318,国籍・地域別　年齢・男女別　在留外国人,EXCEL,https://www.e-stat.go.jp/stat-search/file-download?statInfId=000031770318&fileKind=0
2018-06,18-06-02-2,000031770319,国籍・地域別　年齢・男女別　総在留外国人,EXCEL,https://www.e-stat.go.jp/stat-search/file-download?statInfId=000031770319&fileKind=0
2018-06,18-06-03,000031770320,在留資格別　年齢・男女別　在留外国人,EXCEL,https://www.e-stat.go.jp/stat-search/file-download?statInfId=000031770320&fileKind=0
2018-06,18-06-04,000031770321,都道府県別　国籍・地域別　在留外国人,EXCEL,https://www.e-stat.go.jp/stat-search/file-download?statInfId=000031770321&fileKind=0
2018-06,18-06-05-0,000031770322,都道府県別　在留資格別　在留外国人（総数）,EXCEL,https://www.e-stat.go.jp/stat-search/file-download?statInfId=000031770322&fileKind=0
2018-06,18-06-05-1,000031770323,都道府県別　在留資格別　在留外国人（その１　中国）,EXCEL,https://www.e-stat.go.jp/stat-search/file-download?statInfId=000031770323&fileKind=0
2018-06,18-06-05-2,000031770324,都道府県別　在留資格別　在留外国人（その２　韓国）,EXCEL,https://www.e-stat.go.jp/stat-search/file-download?statInfId=000031770324&fileKind=0
2018-06,18-06-05-3,000031770325,都道府県別　在留資格別　在留外国人（その３　ベトナム）,EXCEL,https://www.e-stat.go.jp/stat-search/file-download?statInfId=000031770325&fileKind=0
2018-06,18-06-05-4,000031770326,都道府県別　在留資格別　在留外国人（その４　フィリピン）,EXCEL,https://www.e-stat.go.jp/stat-search/file-download?statInfId=000031770326&fileKind=0
2018-06,18-06-05-5,000031770327,都道府県別　在留資格別　在留外国人（その５　ブラジル）,EXCEL,https://www.e-stat.go.jp/stat-search/file-download?statInfId=000031770327&fileKind=0
2018-06,18-06-06-0,000031770329,都道府県別　年齢・男女別　在留外国人（総数）,EXCEL,https://www.e-stat.go.jp/stat-search/file-download?statInfId=000031770329&fileKind=0
2018-06,18-06-06-1,000031770330,都道府県別　年齢・男女別　在留外国人（その１　中国）,EXCEL,https://www.e-stat.go.jp/stat-search/file-download?statInfId=000031770330&fileKind=0
2018-06,18-06-06-2,000031770331,都道府県別　年齢・男女別　在留外国人（その２　韓国）,EXCEL,https://www.e-stat.go.jp/stat-search/file-download?statInfId=000031770331&fileKind=0
2018-06,18-06-06-3,000031770332,都道府県別　年齢・男女別　在留外国人（その３　ベトナム）,EXCEL,https://www.e-stat.go.jp/stat-search/file-download?statInfId=000031770332&fileKind=0
2018-06,18-06-06-4,000031770333,都道府県別　年齢・男女別　在留外国人（その４　フィリピン）,EXCEL,https://www.e-stat.go.jp/stat-search/file-download?statInfId=000031770333&fileKind=0
2018-06,18-06-06-5,000031770334,都道府県別　年齢・男女別　在留外国人（その５　ブラジル）,EXCEL,https://www.e-stat.go.jp/stat-search/file-download?statInfId=000031770334&fileKind=0
2018-06,18-06-07,000031770336,市区町村別　国籍・地域別　在留外国人,EXCEL,https://www.e-stat.go.jp/stat-search/file-download?statInfId=000031770336&fileKind=0
2018-06,18-06-07-A,000031770337,（別表）在留外国人総数上位１００自治体,EXCEL,https://www.e-stat.go.jp/stat-search/file-download?statInfId=000031770337&fileKind=0
2018-06,18-06-EX,000031770338,【参考】用語の解説（中長期在留者，在留外国人及び総在留外国人について）,PDF,https://www.e-stat.go.jp/stat-search/file-download?statInfId=000031770338&fileKind=0
2018-12,18-12-01-1,000031832809,国籍・地域別　在留資格（在留目的）別　在留外国人,EXCEL,https://www.e-stat.go.jp/stat-search/file-download?statInfId=000031832809&fileKind=0
2018-12,18-12-01-2,000031832810,国籍・地域別　在留資格（在留目的）別　総在留外国人,EXCEL,https://www.e-stat.go.jp/stat-search/file-download?statInfId=000031832810&fileKind=0
2018-12,18-12-02-1,000031832811,国籍・地域別　年齢・男女別　在留外国人,EXCEL,https://www.e-stat.go.jp/stat-search/file-download?statInfId=000031832811&fileKind=0
2018-12,18-12-02-2,000031832812,国籍・地域別　年齢・男女別　総在留外国人,EXCEL,https://www.e-stat.go.jp/stat-search/file-download?statInfId=000031832812&fileKind=0
2018-12,18-12-03,000031832813,在留資格別　年齢・男女別　在留外国人,EXCEL,https://www.e-stat.go.jp/stat-search/file-download?statInfId=000031832813&fileKind=0
2018-12,18-12-04,000031832814,都道府県別　国籍・地域別　在留外国人,EXCEL,https://www.e-stat.go.jp/stat-search/file-download?statInfId=000031832814&fileKind=0
2018-12,18-12-05-0,000031832815,都道府県別　在留資格別　在留外国人（総数）,EXCEL,https://www.e-stat.go.jp/stat-search/file-download?statInfId=000031832815&fileKind=0
2018-12,18-12-05-1,000031832816,都道府県別　在留資格別　在留外国人（その１　中国）,EXCEL,https://www.e-stat.go.jp/stat-search/file-download?statInfId=000031832816&fileKind=0
2018-12,18-12-05-2,000031832817,都道府県別　在留資格別　在留外国人（その２　韓国）,EXCEL,https://www.e-stat.go.jp/stat-search/file-download?statInfId=000031832817&fileKind=0
2018-12,18-12-05-3,000031832818,都道府県別　在留資格別　在留外国人（その３　ベトナム）,EXCEL,https://www.e-stat.go.jp/stat-search/file-download?statInfId=000031832818&fileKind=0
2018-12,18-12-05-4,000031832819,都道府県別　在留資格別　在留外国人（その４　フィリピン）,EXCEL,https://www.e-stat.go.jp/stat-search/file-download?statInfId=000031832819&fileKind=0
2018-12,18-12-05-5,000031832820,都道府県別　在留資格別　在留外国人（その５　ブラジル）,EXCEL,https://www.e-stat.go.jp/stat-search/file-download?statInfId=000031832820&fileKind=0
2018-12,18-12-06-0,000031832821,都道府県別　年齢・男女別　在留外国人（総数）,EXCEL,https://www.e-stat.go.jp/stat-search/file-download?statInfId=000031832821&fileKind=0
2018-12,18-12-06-1,000031832822,都道府県別　年齢・男女別　在留外国人（その１　中国）,EXCEL,https://www.e-stat.go.jp/stat-search/file-download?statInfId=000031832822&fileKind=0
2018-12,18-12-06-2,000031832823,都道府県別　年齢・男女別　在留外国人（その２　韓国）,EXCEL,https://www.e-stat.go.jp/stat-search/file-download?statInfId=000031832823&fileKind=0
2018-12,18-12-06-3,000031832824,都道府県別　年齢・男女別　在留外国人（その３　ベトナム）,EXCEL,https://www.e-stat.go.jp/stat-search/file-download?statInfId=000031832824&fileKind=0
2018-12,18-12-06-4,000031832825,都道府県別　年齢・男女別　在留外国人（その４　フィリピン）,EXCEL,https://www.e-stat.go.jp/stat-search/file-download?statInfId=000031832825&fileKind=0
2018-12,18-12-06-5,000031832826,都道府県別　年齢・男女別　在留外国人（その５　ブラジル）,EXCEL,https://www.e-stat.go.jp/stat-search/file-download?statInfId=000031832826&fileKind=0
2018-12,18-12-07,000031832827,市区町村別　国籍・地域別　在留外国人,EXCEL,https://www.e-stat.go.jp/stat-search/file-download?statInfId=000031832827&fileKind=0
2018-12,18-12-07-A,000031832828,（別表）在留外国人総数上位１００自治体,EXCEL,https://www.e-stat.go.jp/stat-search/file-download?statInfId=000031832828&fileKind=0
2018-12,18-12-EX,000031832829,【参考】用語の解説（中長期在留者，在留外国人及び総在留外国人について）及び在留資格一覧表,PDF,https://www.e-stat.go.jp/stat-search/file-download?statInfId=000031832829&fileKind=0
2018-12,18-12-t1,000040281962,在留外国人統計テーブルデータ（平成30年末時点）,EXCEL,https://www.e-stat.go.jp/stat-search/file-download?statInfId=000040281962&fileKind=0
2018-12,18-12-EX-2,000040281963,利用上の注意,PDF,https://www.e-stat.go.jp/stat-search/file-download?statInfId=000040281963&fileKind=0
2018-12,18-12-EX-3,000040281964,在留外国人統計テーブルデータのご利用方法について,PDF,https://www.e-stat.go.jp/stat-search/file-download?statInfId=000040281964&fileKind=0
2019-06,19-06-01-1,000031886380,国籍・地域別　在留資格（在留目的）別　在留外国人,EXCEL,https://www.e-stat.go.jp/stat-search/file-download?statInfId=000031886380&fileKind=0
2019-06,19-06-01-2,000031886381,国籍・地域別　在留資格（在留目的）別　総在留外国人,EXCEL,https://www.e-stat.go.jp/stat-search/file-download?statInfId=000031886381&fileKind=0
2019-06,19-06-02-1,000031886382,国籍・地域別　年齢・男女別　在留外国人,EXCEL,https://www.e-stat.go.jp/stat-search/file-download?statInfId=000031886382&fileKind=0
2019-06,19-06-02-2,000031886383,国籍・地域別　年齢・男女別　総在留外国人,EXCEL,https://www.e-stat.go.jp/stat-search/file-download?statInfId=000031886383&fileKind=0
2019-06,19-06-03,000031886384,在留資格別　年齢・男女別　在留外国人,EXCEL,https://www.e-stat.go.jp/stat-search/file-download?statInfId=000031886384&fileKind=0
2019-06,19-06-04,000031886385,都道府県別　国籍・地域別　在留外国人,EXCEL,https://www.e-stat.go.jp/stat-search/file-download?statInfId=000031886385&fileKind=0
2019-06,19-06-05-0,000031886386,都道府県別　在留資格別　在留外国人（総数）,EXCEL,https://www.e-stat.go.jp/stat-search/file-download?statInfId=000031886386&fileKind=0
2019-06,19-06-05-1,000031886387,都道府県別　在留資格別　在留外国人（その１　中国）,EXCEL,https://www.e-stat.go.jp/stat-search/file-download?statInfId=000031886387&fileKind=0
2019-06,19-06-05-2,000031886388,都道府県別　在留資格別　在留外国人（その２　韓国）,EXCEL,https://www.e-stat.go.jp/stat-search/file-download?statInfId=000031886388&fileKind=0
2019-06,19-06-05-3,000031886389,都道府県別　在留資格別　在留外国人（その３　ベトナム）,EXCEL,https://www.e-stat.go.jp/stat-search/file-download?statInfId=000031886389&fileKind=0
2019-06,19-06-05-4,000031886390,都道府県別　在留資格別　在留外国人（その４　フィリピン）,EXCEL,https://www.e-stat.go.jp/stat-search/file-download?statInfId=000031886390&fileKind=0
2019-06,19-06-05-5,000031886391,都道府県別　在留資格別　在留外国人（その５　ブラジル）,EXCEL,https://www.e-stat.go.jp/stat-search/file-download?statInfId=000031886391&fileKind=0
2019-06,19-06-06-0,000031886392,都道府県別　年齢・男女別　在留外国人（総数）,EXCEL,https://www.e-stat.go.jp/stat-search/file-download?statInfId=000031886392&fileKind=0
2019-06,19-06-06-1,000031886393,都道府県別　年齢・男女別　在留外国人（その１　中国）,EXCEL,https://www.e-stat.go.jp/stat-search/file-download?statInfId=000031886393&fileKind=0
2019-06,19-06-06-2,000031886394,都道府県別　年齢・男女別　在留外国人（その２　韓国）,EXCEL,https://www.e-stat.go.jp/stat-search/file-download?statInfId=000031886394&fileKind=0
2019-06,19-06-06-3,000031886395,都道府県別　年齢・男女別　在留外国人（その３　ベトナム）,EXCEL,https://www.e-stat.go.jp/stat-search/file-download?statInfId=000031886395&fileKind=0
2019-06,19-06-06-4,000031886396,都道府県別　年齢・男女別　在留外国人（その４　フィリピン）,EXCEL,https://www.e-stat.go.jp/stat-search/file-download?statInfId=000031886396&fileKind=0
2019-06,19-06-06-5,000031886397,都道府県別　年齢・男女別　在留外国人（その５　ブラジル）,EXCEL,https://www.e-stat.go.jp/stat-search/file-download?statInfId=000031886397&fileKind=0
2019-06,19-06-07,000031886398,市区町村別　国籍・地域別　在留外国人,EXCEL,https://www.e-stat.go.jp/stat-search/file-download?statInfId=000031886398&fileKind=0
2019-06,19-06-07-A,000031886399,（別表）在留外国人総数上位１００自治体,EXCEL,https://www.e-stat.go.jp/stat-search/file-download?statInfId=000031886399&fileKind=0
2019-06,19-06-ex,000031886400,【参考】用語の解説（中長期在留者，在留外国人及び総在留外国人について）及び在留資格一覧表,PDF,https://www.e-stat.go.jp/stat-search/file-download?statInfId=000031886400&fileKind=0
2019-12,19-12-01-1,000031964914,国籍・地域別　在留資格（在留目的）別　在留外国人,EXCEL,https://www.e-stat.go.jp/stat-search/file-download?statInfId=000031964914&fileKind=0
2019-12,19-12-01-2,000031964915,国籍・地域別　在留資格（在留目的）別　総在留外国人,EXCEL,https://www.e-stat.go.jp/stat-search/file-download?statInfId=000031964915&fileKind=0
2019-12,19-12-02-1,000031964916,国籍・地域別　年齢・男女別　在留外国人,EXCEL,https://www.e-stat.go.jp/stat-search/file-download?statInfId=000031964916&fileKind=0
2019-12,19-12-02-2,000031964917,国籍・地域別　年齢・男女別　総在留外国人,EXCEL,https://www.e-stat.go.jp/stat-search/file-download?statInfId=000031964917&fileKind=0
2019-12,19-12-03,000031964918,在留資格別　年齢・男女別　在留外国人,EXCEL,https://www.e-stat.go.jp/stat-search/file-download?statInfId=000031964918&fileKind=0
2019-12,19-12-04,000031964919,都道府県別　国籍・地域別　在留外国人,EXCEL,https://www.e-stat.go.jp/stat-search/file-download?statInfId=000031964919&fileKind=0
2019-12,19-12-05,000031964920,都道府県別　在留資格別　在留外国人（総数）,EXCEL,https://www.e-stat.go.jp/stat-search/file-download?statInfId=000031964920&fileKind=0
2019-12,19-12-06-0,000031964926,都道府県別　年齢・男女別　在留外国人（総数）,EXCEL,https://www.e-stat.go.jp/stat-search/file-download?statInfId=000031964926&fileKind=0
2019-12,19-12-06-1,000031964927,都道府県別　年齢・男女別　在留外国人（その１　中国）,EXCEL,https://www.e-stat.go.jp/stat-search/file-download?statInfId=000031964927&fileKind=0
2019-12,19-12-06-2,000031964928,都道府県別　年齢・男女別　在留外国人（その２　韓国）,EXCEL,https://www.e-stat.go.jp/stat-search/file-download?statInfId=000031964928&fileKind=0
2019-12,19-12-06-3,000031964929,都道府県別　年齢・男女別　在留外国人（その３　ベトナム）,EXCEL,https://www.e-stat.go.jp/stat-search/file-download?statInfId=000031964929&fileKind=0
2019-12,19-12-06-4,000031964930,都道府県別　年齢・男女別　在留外国人（その４　フィリピン）,EXCEL,https://www.e-stat.go.jp/stat-search/file-download?statInfId=000031964930&fileKind=0
2019-12,19-12-06-5,000031964931,都道府県別　年齢・男女別　在留外国人（その５　ブラジル）,EXCEL,https://www.e-stat.go.jp/stat-search/file-download?statInfId=000031964931&fileKind=0
2019-12,19-12-07-1,000031964932,市区町村別　国籍・地域別　在留外国人,EXCEL,https://www.e-stat.go.jp/stat-search/file-download?statInfId=000031964932&fileKind=0
2019-12,19-12-07-2,000031966152,市区町村別　在留資格別　在留外国人,EXCEL,https://www.e-stat.go.jp/stat-search/file-download?statInfId=000031966152&fileKind=0
2019-12,19-12-07-A,000031964933,（別表）在留外国人総数上位１００自治体,EXCEL,https://www.e-stat.go.jp/stat-search/file-download?statInfId=000031964933&fileKind=0
2019-12,,000032257717,在留外国人統計テーブルデータ（令和元年末時点）,EXCEL,https://www.e-stat.go.jp/stat-search/file-download?statInfId=000032257717&fileKind=0
2019-12,19-12-ex-1,000031964934,【参考】用語の解説（中長期在留者，在留外国人及び総在留外国人について）及び在留資格一覧表,PDF,https://www.e-stat.go.jp/stat-search/file-download?statInfId=000031964934&fileKind=0
2019-12,19-12-ex-2,000031966153,利用上の注意,PDF,https://www.e-stat.go.jp/stat-search/file-download?statInfId=000031966153&fileKind=0
2019-12,19-12-ex-3,000032257779,在留外国人統計テーブルデータのご利用方法について,PDF,https://www.e-stat.go.jp/stat-search/file-download?statInfId=000032257779&fileKind=0
2020-06,20-06-01-1,000032030590,国籍・地域別　在留資格（在留目的）別　在留外国人,EXCEL,https://www.e-stat.go.jp/stat-search/file-download?statInfId=000032030590&fileKind=0
2020-06,20-06-01-2,000032030591,国籍・地域別　在留資格（在留目的）別　総在留外国人,EXCEL,https://www.e-stat.go.jp/stat-search/file-download?statInfId=000032030591&fileKind=0
2020-06,20-06-02-1,000032030592,国籍・地域別　年齢・男女別　在留外国人,EXCEL,https://www.e-stat.go.jp/stat-search/file-download?statInfId=000032030592&fileKind=0
2020-06,20-06-02-2,000032030593,国籍・地域別　年齢・男女別　総在留外国人,EXCEL,https://www.e-stat.go.jp/stat-search/file-download?statInfId=000032030593&fileKind=0
2020-06,20-06-03,000032030594,在留資格別　年齢・男女別　在留外国人,EXCEL,https://www.e-stat.go.jp/stat-search/file-download?statInfId=000032030594&fileKind=0
2020-06,20-06-04,000032030595,都道府県別　国籍・地域別　在留外国人,EXCEL,https://www.e-stat.go.jp/stat-search/file-download?statInfId=000032030595&fileKind=0
2020-06,20-06-05,000032030596,都道府県別　在留資格別　在留外国人（総数）,EXCEL,https://www.e-stat.go.jp/stat-search/file-download?statInfId=000032030596&fileKind=0
2020-06,20-06-06-0,000032030597,都道府県別　年齢・男女別　在留外国人（総数）,EXCEL,https://www.e-stat.go.jp/stat-search/file-download?statInfId=000032030597&fileKind=0
2020-06,20-06-06-1,000032030598,都道府県別　年齢・男女別　在留外国人（その１　中国）,EXCEL,https://www.e-stat.go.jp/stat-search/file-download?statInfId=000032030598&fileKind=0
2020-06,20-06-06-2,000032030599,都道府県別　年齢・男女別　在留外国人（その２　韓国）,EXCEL,https://www.e-stat.go.jp/stat-search/file-download?statInfId=000032030599&fileKind=0
2020-06,20-06-06-3,000032030600,都道府県別　年齢・男女別　在留外国人（その３　ベトナム）,EXCEL,https://www.e-stat.go.jp/stat-search/file-download?statInfId=000032030600&fileKind=0
2020-06,20-06-06-4,000032030601,都道府県別　年齢・男女別　在留外国人（その４　フィリピン）,EXCEL,https://www.e-stat.go.jp/stat-search/file-download?statInfId=000032030601&fileKind=0
2020-06,20-06-06-5,000032030602,都道府県別　年齢・男女別　在留外国人（その５　ブラジル）,EXCEL,https://www.e-stat.go.jp/stat-search/file-download?statInfId=000032030602&fileKind=0
2020-06,20-06-07-1,000032030603,市区町村別　国籍・地域別　在留外国人,EXCEL,https://www.e-stat.go.jp/stat-search/file-download?statInfId=000032030603&fileKind=0
2020-06,20-06-07-2,000032030604,市区町村別　在留資格別　在留外国人,EXCEL,https://www.e-stat.go.jp/stat-search/file-download?statInfId=000032030604&fileKind=0
2020-06,20-06-07-A,000032030605,（別表）在留外国人総数上位１００自治体,EXCEL,https://www.e-stat.go.jp/stat-search/file-download?statInfId=000032030605&fileKind=0
2020-06,20-06-ex-1,000032030606,【参考】用語の解説（中長期在留者，在留外国人及び総在留外国人について）及び在留資格一覧表,PDF,https://www.e-stat.go.jp/stat-search/file-download?statInfId=000032030606&fileKind=0
2020-06,20-06-ex-2,000032030607,利用上の注意,PDF,https://www.e-stat.go.jp/stat-search/file-download?statInfId=000032030607&fileKind=0
2020-12,20-12-01-1,000032104290,国籍・地域別　在留資格（在留目的）別　在留外国人,EXCEL_Report,https://www.e-stat.go.jp/stat-search/file-download?statInfId=000032104290&fileKind=0
2020-12,20-12-01-2,000032104291,国籍・地域別　在留資格（在留目的）別　総在留外国人,EXCEL|EXCEL_Report,https://www.e-stat.go.jp/stat-search/file-download?statInfId=000032104291&fileKind=0
2020-12,20-12-02-1,000032104292,国籍・地域別　年齢・男女別　在留外国人,EXCEL_Report,https://www.e-stat.go.jp/stat-search/file-download?statInfId=000032104292&fileKind=0
2020-12,20-12-02-2,000032104293,国籍・地域別　年齢・男女別　総在留外国人,EXCEL|EXCEL_Report,https://www.e-stat.go.jp/stat-search/file-download?statInfId=000032104293&fileKind=0
2020-12,20-12-03,000032104294,在留資格別　年齢・男女別　在留外国人,EXCEL_Report,https://www.e-stat.go.jp/stat-search/file-download?statInfId=000032104294&fileKind=0
2020-12,20-12-04,000032104295,都道府県別　国籍・地域別　在留外国人,EXCEL_Report,https://www.e-stat.go.jp/stat-search/file-download?statInfId=000032104295&fileKind=0
2020-12,20-12-05,000032104296,都道府県別　在留資格別　在留外国人（総数）,EXCEL_Report,https://www.e-stat.go.jp/stat-search/file-download?statInfId=000032104296&fileKind=0
2020-12,20-12-06-0,000032104297,都道府県別　年齢・男女別　在留外国人（総数）,EXCEL_Report,https://www.e-stat.go.jp/stat-search/file-download?statInfId=000032104297&fileKind=0
2020-12,20-12-06-1,000032104298,都道府県別　年齢・男女別　在留外国人（その１　中国）,EXCEL_Report,https://www.e-stat.go.jp/stat-search/file-download?statInfId=000032104298&fileKind=0
2020-12,20-12-06-2,000032104299,都道府県別　年齢・男女別　在留外国人（その２　韓国）,EXCEL_Report,https://www.e-stat.go.jp/stat-search/file-download?statInfId=000032104299&fileKind=0
2020-12,20-12-06-3,000032104300,都道府県別　年齢・男女別　在留外国人（その３　ベトナム）,EXCEL_Report,https://www.e-stat.go.jp/stat-search/file-download?statInfId=000032104300&fileKind=0
2020-12,20-12-06-4,000032104301,都道府県別　年齢・男女別　在留外国人（その４　フィリピン）,EXCEL_Report,https://www.e-stat.go.jp/stat-search/file-download?statInfId=000032104301&fileKind=0
2020-12,20-12-06-5,000032104302,都道府県別　年齢・男女別　在留外国人（その５　ブラジル）,EXCEL_Report,https://www.e-stat.go.jp/stat-search/file-download?statInfId=000032104302&fileKind=0
2020-12,20-12-07-1,000032104303,市区町村別　国籍・地域別　在留外国人,EXCEL|EXCEL_Report,https://www.e-stat.go.jp/stat-search/file-download?statInfId=000032104303&fileKind=0
2020-12,20-12-07-2,000032104304,市区町村別　在留資格別　在留外国人,EXCEL|EXCEL_Report,https://www.e-stat.go.jp/stat-search/file-download?statInfId=000032104304&fileKind=0
2020-12,20-12-07-A,000032104305,（別表）在留外国人総数上位１００自治体,EXCEL,https://www.e-stat.go.jp/stat-search/file-download?statInfId=000032104305&fileKind=0
2020-12,,000032104608,【★新規掲載】在留外国人統計テーブルデータ（令和２年末現在）,EXCEL,https://www.e-stat.go.jp/stat-search/file-download?statInfId=000032104608&fileKind=0
2020-12,20-12-ex-1,000032104306,【参考】用語の解説（中長期在留者，在留外国人及び総在留外国人について）及び在留資格一覧表,PDF,https://www.e-stat.go.jp/stat-search/file-download?statInfId=000032104306&fileKind=0
2020-12,20-12-ex-2,000032104307,利用上の注意,PDF,https://www.e-stat.go.jp/stat-search/file-download?statInfId=000032104307&fileKind=0
2020-12,20-12-ex-3,000032104609,在留外国人統計テーブルデータのご利用方法について,PDF,https://www.e-stat.go.jp/stat-search/file-download?statInfId=000032104609&fileKind=0
2021-06,21-06-01-1,000032120225,国籍・地域別　在留資格（在留目的）別　在留外国人,EXCEL_Report,https://www.e-stat.go.jp/stat-search/file-download?statInfId=000032120225&fileKind=0
2021-06,21-06-01-2,000032120226,国籍・地域別　在留資格（在留目的）別　総在留外国人,EXCEL|EXCEL_Report,https://www.e-stat.go.jp/stat-search/file-download?statInfId=000032120226&fileKind=0
2021-06,21-06-02-1,000032120227,国籍・地域別　年齢・男女別　在留外国人,EXCEL_Report,https://www.e-stat.go.jp/stat-search/file-download?statInfId=000032120227&fileKind=0
2021-06,21-06-02-2,000032120228,国籍・地域別　年齢・男女別　総在留外国人,EXCEL|EXCEL_Report,https://www.e-stat.go.jp/stat-search/file-download?statInfId=000032120228&fileKind=0
2021-06,21-06-07-1,000032120258,市区町村別　国籍・地域別　在留外国人,EXCEL|EXCEL_Report,https://www.e-stat.go.jp/stat-search/file-download?statInfId=000032120258&fileKind=0
2021-06,21-06-07-2,000032120259,市区町村別　在留資格別　在留外国人,EXCEL|EXCEL_Report,https://www.e-stat.go.jp/stat-search/file-download?statInfId=000032120259&fileKind=0
2021-06,21-06-07-A,000032120260,（別表）在留外国人総数上位１００市区町,EXCEL,https://www.e-stat.go.jp/stat-search/file-download?statInfId=000032120260&fileKind=0
2021-06,,000032120261,在留外国人統計テーブルデータ（令和３年６月末現在）,EXCEL,https://www.e-stat.go.jp/stat-search/file-download?statInfId=000032120261&fileKind=0
2021-06,21-06-ex-1,000032120262,【参考】用語の解説（中長期在留者，在留外国人及び総在留外国人について）及び在留資格一覧表,PDF,https://www.e-stat.go.jp/stat-search/file-download?statInfId=000032120262&fileKind=0
2021-06,21-06-ex-2,000032120263,利用上の注意,PDF,https://www.e-stat.go.jp/stat-search/file-download?statInfId=000032120263&fileKind=0
2021-06,21-06-ex-3,000032120264,在留外国人統計テーブルデータのご利用方法について,PDF,https://www.e-stat.go.jp/stat-search/file-download?statInfId=000032120264&fileKind=0
2021-12,21-12-01-1,000032212359,国籍・地域別　在留資格（在留目的）別　在留外国人,EXCEL_Report,https://www.e-stat.go.jp/stat-search/file-download?statInfId=000032212359&fileKind=0
2021-12,21-12-01-2,000032213254,国籍・地域別　在留資格（在留目的）別　総在留外国人,EXCEL|EXCEL_Report,https://www.e-stat.go.jp/stat-search/file-download?statInfId=000032213254&fileKind=0
2021-12,21-12-02-1,000032213274,国籍・地域別　年齢・男女別　在留外国人,EXCEL_Report,https://www.e-stat.go.jp/stat-search/file-download?statInfId=000032213274&fileKind=0
2021-12,21-12-02-2,000032213275,国籍・地域別　年齢・男女別　総在留外国人,EXCEL|EXCEL_Report,https://www.e-stat.go.jp/stat-search/file-download?statInfId=000032213275&fileKind=0
2021-12,21-12-03-1,000032213255,市区町村別　国籍・地域別　在留外国人,EXCEL,https://www.e-stat.go.jp/stat-search/file-download?statInfId=000032213255&fileKind=0
2021-12,21-12-03-2,000032213256,市区町村別　在留資格別　在留外国人,EXCEL,https://www.e-stat.go.jp/stat-search/file-download?statInfId=000032213256&fileKind=0
2021-12,21-12-03-a,000032213276,（別表）在留外国人総数上位１００市区町,EXCEL,https://www.e-stat.go.jp/stat-search/file-download?statInfId=000032213276&fileKind=0
2021-12,,000032213277,在留外国人統計テーブルデータ（令和３年末現在）,EXCEL,https://www.e-stat.go.jp/stat-search/file-download?statInfId=000032213277&fileKind=0
2021-12,21-12-ex-1,000032213278,【参考】用語の解説（中長期在留者、在留外国人及び総在留外国人について）及び在留資格一覧表,PDF,https://www.e-stat.go.jp/stat-search/file-download?statInfId=000032213278&fileKind=0
2021-12,21-12-ex-2,000032213279,利用上の注意,PDF,https://www.e-stat.go.jp/stat-search/file-download?statInfId=000032213279&fileKind=0
2021-12,21-12-ex-3,000032213280,在留外国人統計テーブルデータのご利用方法について,PDF,https://www.e-stat.go.jp/stat-search/file-download?statInfId=000032213280&fileKind=0
2022-06,22-06-01-1,000032258905,国籍・地域別　在留資格（在留目的）別　在留外国人,EXCEL_Report,https://www.e-stat.go.jp/stat-search/file-download?statInfId=000032258905&fileKind=0
2022-06,22-06-01-2,000032258906,国籍・地域別　在留資格（在留目的）別　総在留外国人,EXCEL|EXCEL_Report,https://www.e-stat.go.jp/stat-search/file-download?statInfId=000032258906&fileKind=0
2022-06,22-06-02-1,000032258908,国籍・地域別　年齢・男女別　在留外国人,EXCEL_Report,https://www.e-stat.go.jp/stat-search/file-download?statInfId=000032258908&fileKind=0
2022-06,22-06-02-2,000032258909,国籍・地域別　年齢・男女別　総在留外国人,EXCEL|EXCEL_Report,https://www.e-stat.go.jp/stat-search/file-download?statInfId=000032258909&fileKind=0
2022-06,22-06-03-1,000032258910,市区町村別　国籍・地域別　在留外国人,EXCEL,https://www.e-stat.go.jp/stat-search/file-download?statInfId=000032258910&fileKind=0
2022-06,22-06-03-2,000032258911,市区町村別　在留資格別　在留外国人,EXCEL,https://www.e-stat.go.jp/stat-search/file-download?statInfId=000032258911&fileKind=0
2022-06,22-06-03-a,000032258912,（別表）在留外国人総数上位１００市区町,EXCEL,https://www.e-stat.go.jp/stat-search/file-download?statInfId=000032258912&fileKind=0
2022-06,,000032258913,在留外国人統計テーブルデータ（令和4年6月末現在）,EXCEL,https://www.e-stat.go.jp/stat-search/file-download?statInfId=000032258913&fileKind=0
2022-06,22-06-ex-1,000032258934,【参考】用語の解説（中長期在留者、在留外国人及び総在留外国人について）及び在留資格一覧表,PDF,https://www.e-stat.go.jp/stat-search/file-download?statInfId=000032258934&fileKind=0
2022-06,22-06-ex-2,000032258935,利用上の注意,PDF,https://www.e-stat.go.jp/stat-search/file-download?statInfId=000032258935&fileKind=0
2022-06,22-06-ex-3,000032258936,在留外国人統計テーブルデータのご利用方法について,PDF,https://www.e-stat.go.jp/stat-search/file-download?statInfId=000032258936&fileKind=0
2022-12,22-12-01,000040068461,国籍・地域別　在留資格（在留目的）別　在留外国人,EXCEL|EXCEL_Report,https://www.e-stat.go.jp/stat-search/file-download?statInfId=000040068461&fileKind=0
2022-12,22-12-01-2,000040248786,国籍・地域別　在留資格別　総在留外国人,EXCEL|EXCEL_Report,https://www.e-stat.go.jp/stat-search/file-download?statInfId=000040248786&fileKind=0
2022-12,22-12-02,000040068660,国籍・地域別　年齢（５歳階級）・性別　在留外国人,EXCEL|EXCEL_Report,https://www.e-stat.go.jp/stat-search/file-download?statInfId=000040068660&fileKind=0
2022-12,22-12-02-2,000040248848,国籍・地域別　年齢（５歳階級）・性別　総在留外国人,EXCEL|EXCEL_Report,https://www.e-stat.go.jp/stat-search/file-download?statInfId=000040248848&fileKind=0
2022-12,22-12-03,000040068661,市区町村別　国籍・地域別　在留外国人,EXCEL,https://www.e-stat.go.jp/stat-search/file-download?statInfId=000040068661&fileKind=0
2022-12,22-12-04,000040068662,市区町村別　在留資格別　在留外国人,EXCEL,https://www.e-stat.go.jp/stat-search/file-download?statInfId=000040068662&fileKind=0
2022-12,22-12-A,000040068663,在留外国人総数上位１００市区町,EXCEL,https://www.e-stat.go.jp/stat-search/file-download?statInfId=000040068663&fileKind=0
2022-12,22-12-t1,000040068664,在留外国人統計テーブルデータ（令和４年末現在）,EXCEL,https://www.e-stat.go.jp/stat-search/file-download?statInfId=000040068664&fileKind=0
2022-12,22-12-ex-1,000040068665,用語の解説及び在留資格一覧表,PDF,https://www.e-stat.go.jp/stat-search/file-download?statInfId=000040068665&fileKind=0
2022-12,22-12-ex-2,000040068666,利用上の注意,PDF,https://www.e-stat.go.jp/stat-search/file-download?statInfId=000040068666&fileKind=0
2022-12,22-12-ex-3,000040248849,利用上の注意（追加）,PDF,https://www.e-stat.go.jp/stat-search/file-download?statInfId=000040248849&fileKind=0
2022-12,22-12-ex-4,000040068667,在留外国人統計テーブルデータのご利用方法について,PDF,https://www.e-stat.go.jp/stat-search/file-download?statInfId=000040068667&fileKind=0
2023-06,23-06-01,000040124400,国籍・地域別　在留資格（在留目的）別　在留外国人,EXCEL|EXCEL_Report,https://www.e-stat.go.jp/stat-search/file-download?statInfId=000040124400&fileKind=0
2023-06,23-06-01-2,000040248850,国籍・地域別　在留資格別　総在留外国人,EXCEL|EXCEL_Report,https://www.e-stat.go.jp/stat-search/file-download?statInfId=000040248850&fileKind=0
2023-06,23-06-02,000040124401,国籍・地域別　年齢（５歳階級）・性別　在留外国人,EXCEL|EXCEL_Report,https://www.e-stat.go.jp/stat-search/file-download?statInfId=000040124401&fileKind=0
2023-06,23-06-02-2,000040248851,国籍・地域別　年齢（５歳階級）・性別　総在留外国人,EXCEL|EXCEL_Report,https://www.e-stat.go.jp/stat-search/file-download?statInfId=000040248851&fileKind=0
2023-06,23-06-03,000040124402,市区町村別　国籍・地域別　在留外国人,EXCEL,https://www.e-stat.go.jp/stat-search/file-download?statInfId=000040124402&fileKind=0
2023-06,23-06-04,000040124403,市区町村別　在留資格別　在留外国人,EXCEL,https://www.e-stat.go.jp/stat-search/file-download?statInfId=000040124403&fileKind=0
2023-06,23-06-A,000040124404,在留外国人総数上位１００市区町,EXCEL,https://www.e-stat.go.jp/stat-search/file-download?statInfId=000040124404&fileKind=0
2023-06,23-06-t1,000040124405,在留外国人統計テーブルデータ（令和５年６月末現在）,EXCEL,https://www.e-stat.go.jp/stat-search/file-download?statInfId=000040124405&fileKind=0
2023-06,23-06-ex-1,000040124406,用語の解説及び在留資格一覧表,PDF,https://www.e-stat.go.jp/stat-search/file-download?statInfId=000040124406&fileKind=0
2023-06,23-06-ex-2,000040124407,利用上の注意,PDF,https://www.e-stat.go.jp/stat-search/file-download?statInfId=000040124407&fileKind=0
2023-06,23-06-ex-3,000040248852,利用上の注意（追加）,PDF,https://www.e-stat.go.jp/stat-search/file-download?statInfId=000040248852&fileKind=0
2023-06,23-06-ex-4,000040124408,在留外国人統計テーブルデータのご利用方法について,PDF,https://www.e-stat.go.jp/stat-search/file-download?statInfId=000040124408&fileKind=0
2023-12,23-12-01,000040186952,国籍・地域別　在留資格別　在留外国人,EXCEL|EXCEL_Report,https://www.e-stat.go.jp/stat-search/file-download?statInfId=000040186952&fileKind=0
2023-12,23-12-01-2,000040248882,国籍・地域別　在留資格別　総在留外国人,EXCEL|EXCEL_Report,https://www.e-stat.go.jp/stat-search/file-download?statInfId=000040248882&fileKind=0
2023-12,23-12-02,000040186953,国籍・地域別　在留目的別　在留外国人（特定活動・日本人の配偶者等・定住者）,EXCEL|EXCEL_Report,https://www.e-stat.go.jp/stat-search/file-download?statInfId=000040186953&fileKind=0
2023-12,23-12-03,000040186954,国籍・地域別　年齢（５歳階級）・性別　在留外国人,EXCEL|EXCEL_Report,https://www.e-stat.go.jp/stat-search/file-download?statInfId=000040186954&fileKind=0
2023-12,23-12-03-2,000040248883,国籍・地域別　年齢（５歳階級）・性別　総在留外国人,EXCEL|EXCEL_Report,https://www.e-stat.go.jp/stat-search/file-download?statInfId=000040248883&fileKind=0
2023-12,23-12-A,000040186955,都道府県市区町村別　在留外国人,EXCEL,https://www.e-stat.go.jp/stat-search/file-download?statInfId=000040186955&fileKind=0
2023-12,23-12-t1,000040186956,在留外国人統計テーブルデータ（国籍・地域別　在留資格別　都道府県別　年齢・性別）,EXCEL,https://www.e-stat.go.jp/stat-search/file-download?statInfId=000040186956&fileKind=0
2023-12,23-12-t2,000040186957,在留外国人統計テーブルデータ（国籍・地域別　在留資格別　市区町村別）,EXCEL,https://www.e-stat.go.jp/stat-search/file-download?statInfId=000040186957&fileKind=0
2023-12,23-12-ex-1,000040186958,用語の解説及び在留資格一覧表,PDF,https://www.e-stat.go.jp/stat-search/file-download?statInfId=000040186958&fileKind=0
2023-12,23-12-ex-2,000040186959,利用上の注意,PDF,https://www.e-stat.go.jp/stat-search/file-download?statInfId=000040186959&fileKind=0
2023-12,23-12-ex-3,000040248884,利用上の注意（追加）,PDF,https://www.e-stat.go.jp/stat-search/file-download?statInfId=000040248884&fileKind=0
2023-12,23-12-ex-4,000040186960,在留外国人統計テーブルデータのご利用方法について,PDF,https://www.e-stat.go.jp/stat-search/file-download?statInfId=000040186960&fileKind=0
2024-06,24-06-01-1,000040228081,国籍・地域別　在留資格別　在留外国人,EXCEL|EXCEL_Report,https://www.e-stat.go.jp/stat-search/file-download?statInfId=000040228081&fileKind=0
2024-06,24-06-01-2,000040228090,国籍・地域別　在留資格別　総在留外国人,EXCEL|EXCEL_Report,https://www.e-stat.go.jp/stat-search/file-download?statInfId=000040228090&fileKind=0
2024-06,24-06-02,000040228082,国籍・地域別　在留目的別　在留外国人（特定活動・日本人の配偶者等・定住者）,EXCEL|EXCEL_Report,https://www.e-stat.go.jp/stat-search/file-download?statInfId=000040228082&fileKind=0
2024-06,24-06-03-1,000040228083,国籍・地域別　年齢（５歳階級）・性別　在留外国人,EXCEL|EXCEL_Report,https://www.e-stat.go.jp/stat-search/file-download?statInfId=000040228083&fileKind=0
2024-06,24-06-03-2,000040228091,国籍・地域別　年齢（５歳階級）・性別　総在留外国人,EXCEL|EXCEL_Report,https://www.e-stat.go.jp/stat-search/file-download?statInfId=000040228091&fileKind=0
2024-06,24-06-A,000040228084,都道府県市区町村別　在留外国人,EXCEL,https://www.e-stat.go.jp/stat-search/file-download?statInfId=000040228084&fileKind=0
2024-06,24-06-t1,000040228085,在留外国人統計テーブルデータ（国籍・地域別　在留資格別　都道府県別　年齢・性別）,EXCEL,https://www.e-stat.go.jp/stat-search/file-download?statInfId=000040228085&fileKind=0
2024-06,24-06-t2,000040228086,在留外国人統計テーブルデータ（国籍・地域別　在留資格別　市区町村別）,EXCEL,https://www.e-stat.go.jp/stat-search/file-download?statInfId=000040228086&fileKind=0
2024-06,24-06-ex-1,000040228087,用語の解説及び在留資格一覧表,PDF,https://www.e-stat.go.jp/stat-search/file-download?statInfId=000040228087&fileKind=0
2024-06,24-06-ex-2,000040228088,利用上の注意,PDF,https://www.e-stat.go.jp/stat-search/file-download?statInfId=000040228088&fileKind=0
2024-06,24-06-ex-3,000040228089,在留外国人統計テーブルデータのご利用方法について,PDF,https://www.e-stat.go.jp/stat-search/file-download?statInfId=000040228089&fileKind=0
2024-12,24-12-01-1,000040292366,国籍・地域別　在留資格別　在留外国人,EXCEL|EXCEL_Report,https://www.e-stat.go.jp/stat-search/file-download?statInfId=000040292366&fileKind=0
2024-12,24-12-01-2,000040292367,国籍・地域別　在留資格別　総在留外国人,EXCEL|EXCEL_Report,https://www.e-stat.go.jp/stat-search/file-download?statInfId=000040292367&fileKind=0
2024-12,24-12-02,000040292368,国籍・地域別　在留目的別　在留外国人（特定活動・日本人の配偶者等・定住者）,EXCEL|EXCEL_Report,https://www.e-stat.go.jp/stat-search/file-download?statInfId=000040292368&fileKind=0
2024-12,24-12-03-1,000040292369,国籍・地域別　年齢（５歳階級）・性別　在留外国人,EXCEL|EXCEL_Report,https://www.e-stat.go.jp/stat-search/file-download?statInfId=000040292369&fileKind=0
2024-12,24-12-03-2,000040292370,国籍・地域別　年齢（５歳階級）・性別　総在留外国人,EXCEL|EXCEL_Report,https://www.e-stat.go.jp/stat-search/file-download?statInfId=000040292370&fileKind=0
2024-12,24-12-t1,000040292372,在留外国人統計テーブルデータ（国籍・地域別　在留資格別　都道府県別　年齢・性別）,EXCEL,https://www.e-stat.go.jp/stat-search/file-download?statInfId=000040292372&fileKind=0
2024-12,24-12-t2,000040292373,在留外国人統計テーブルデータ（国籍・地域別　在留資格別　市区町村別）,EXCEL,https://www.e-stat.go.jp/stat-search/file-download?statInfId=000040292373&fileKind=0
2024-12,24-12-ex-1,000040292374,用語の解説及び在留資格一覧表,PDF,https://www.e-stat.go.jp/stat-search/file-download?statInfId=000040292374&fileKind=0
2024-12,24-12-ex-2,000040292375,利用上の注意,PDF,https://www.e-stat.go.jp/stat-search/file-download?statInfId=000040292375&fileKind=0
2024-12,24-12-ex-3,000040292376,在留外国人統計テーブルデータのご利用方法について,PDF,https://www.e-stat.go.jp/stat-search/file-download?statInfId=000040292376&fileKind=0
2025-06,25-06-01-1,000040379760,国籍・地域別　在留資格別　在留外国人,EXCEL|EXCEL_Report,https://www.e-stat.go.jp/stat-search/file-download?statInfId=000040379760&fileKind=0
2025-06,25-06-01-2,000040379761,国籍・地域別　在留資格別　総在留外国人,EXCEL|EXCEL_Report,https://www.e-stat.go.jp/stat-search/file-download?statInfId=000040379761&fileKind=0
2025-06,25-06-02,000040379762,国籍・地域別　在留目的別　在留外国人（特定活動・日本人の配偶者等・定住者）,EXCEL|EXCEL_Report,https://www.e-stat.go.jp/stat-search/file-download?statInfId=000040379762&fileKind=0
2025-06,25-06-03-1,000040379763,国籍・地域別　年齢（５歳階級）・性別　在留外国人,EXCEL|EXCEL_Report,https://www.e-stat.go.jp/stat-search/file-download?statInfId=000040379763&fileKind=0
2025-06,25-06-03-2,000040379764,国籍・地域別　年齢（５歳階級）・性別　総在留外国人,EXCEL|EXCEL_Report,https://www.e-stat.go.jp/stat-search/file-download?statInfId=000040379764&fileKind=0
2025-06,25-06-t1,000040379765,在留外国人統計テーブルデータ（国籍・地域別　在留資格別　都道府県別　年齢・性別）,EXCEL,https://www.e-stat.go.jp/stat-search/file-download?statInfId=000040379765&fileKind=0
2025-06,25-06-t2,000040379766,在留外国人統計テーブルデータ（国籍・地域別　在留資格別　市区町村別）,EXCEL,https://www.e-stat.go.jp/stat-search/file-download?statInfId=000040379766&fileKind=0
2025-06,25-06-ex-1,000040379767,用語の解説及び在留資格一覧表,PDF,https://www.e-stat.go.jp/stat-search/file-download?statInfId=000040379767&fileKind=0
2025-06,25-06-ex-2,000040379768,利用上の注意,PDF,https://www.e-stat.go.jp/stat-search/file-download?statInfId=000040379768&fileKind=0
2025-06,25-06-ex-3,000040379769,在留外国人統計テーブルデータのご利用方法について,PDF,https://www.e-stat.go.jp/stat-search/file-download?statInfId=000040379769&fileKind=0
2025-12,25-12-01-1,000040472260,国籍・地域別　在留資格別　在留外国人,EXCEL|EXCEL_Report,https://www.e-stat.go.jp/stat-search/file-download?statInfId=000040472260&fileKind=0
2025-12,25-12-01-2,000040472261,国籍・地域別　在留資格別　総在留外国人,EXCEL|EXCEL_Report,https://www.e-stat.go.jp/stat-search/file-download?statInfId=000040472261&fileKind=0
2025-12,25-12-02,000040472262,国籍・地域別　在留目的別　在留外国人（特定活動・日本人の配偶者等・定住者）,EXCEL|EXCEL_Report,https://www.e-stat.go.jp/stat-search/file-download?statInfId=000040472262&fileKind=0
2025-12,25-12-03-1,000040472263,国籍・地域別　年齢（５歳階級）・性別　在留外国人,EXCEL|EXCEL_Report,https://www.e-stat.go.jp/stat-search/file-download?statInfId=000040472263&fileKind=0
2025-12,25-12-03-2,000040472264,国籍・地域別　年齢（５歳階級）・性別　総在留外国人,EXCEL|EXCEL_Report,https://www.e-stat.go.jp/stat-search/file-download?statInfId=000040472264&fileKind=0
2025-12,25-12-t1,000040472265,在留外国人統計テーブルデータ（国籍・地域別　在留資格別　都道府県別　年齢・性別）,EXCEL,https://www.e-stat.go.jp/stat-search/file-download?statInfId=000040472265&fileKind=0
2025-12,25-12-t2,000040472266,在留外国人統計テーブルデータ（国籍・地域別　在留資格別　市区町村別）,EXCEL,https://www.e-stat.go.jp/stat-search/file-download?statInfId=000040472266&fileKind=0
2025-12,25-12-ex-1,000040472267,用語の解説及び在留資格一覧表,PDF,https://www.e-stat.go.jp/stat-search/file-download?statInfId=000040472267&fileKind=0
2025-12,25-12-ex-2,000040472268,利用上の注意,PDF,https://www.e-stat.go.jp/stat-search/file-download?statInfId=000040472268&fileKind=0
2025-12,25-12-ex-3,000040472269,在留外国人統計テーブルデータのご利用方法について,PDF,https://www.e-stat.go.jp/stat-search/file-download?statInfId=000040472269&fileKind=0
